geoid,intptlat,intptlon,aland_sqm,awater_sqm
17031010100,+42.0212553,-087.6698301,379511,0
17031010201,+42.0160077,-087.6801484,504464,0
17031010202,+42.0160476,-087.6733256,351253,0
17031010300,+42.0159431,-087.6665393,472522,0
17031010400,+42.0064109,-087.6588157,548761,602605
17031010501,+42.0094119,-087.6639583,202133,0
17031010502,+42.0045173,-087.6633273,180386,0
17031010503,+42.0003207,-087.6631262,194213,0
17031010600,+42.0062774,-087.6676830,495017,0
17031010701,+42.0091482,-087.6786204,429690,0
17031010702,+42.0090199,-087.6727257,357548,0
17031020100,+42.0157210,-087.6871169,411155,0
17031020200,+42.0156903,-087.6995191,1241961,0
17031020301,+42.0068651,-087.7051865,825541,0
17031020302,+42.0085406,-087.6949634,639920,0
17031020400,+42.0084880,-087.6859118,555577,0
17031020500,+42.0013129,-087.6841982,771659,0
17031020601,+42.0008746,-087.7018025,591329,0
17031020602,+42.0013156,-087.6936373,492027,0
17031020701,+41.9868915,-087.7036897,591396,0
17031020702,+41.9941256,-087.7048939,704323,0
17031020801,+41.9868081,-087.6944149,655953,0
17031020802,+41.9940592,-087.6946306,644017,0
17031020901,+41.9943922,-087.6854736,485422,2818
17031020902,+41.9942585,-087.6786841,501886,0
17031030101,+41.9910538,-087.6548790,127283,110999
17031030102,+41.9930264,-087.6550225,113330,87128
17031030103,+41.9955241,-087.6551527,86631,101282
17031030104,+41.9972773,-087.6559864,110578,70440
17031030200,+41.9944414,-087.6652300,666198,0
17031030300,+41.9943875,-087.6725348,314151,0
17031030400,+41.9869515,-087.6720788,346486,0
17031030500,+41.9872260,-087.6649359,618133,0
17031030601,+41.9889716,-087.6546087,149770,98467
17031030603,+41.9854762,-087.6583979,116000,0
17031030604,+41.9858707,-087.6524546,198590,89530
17031030701,+41.9827453,-087.6579659,69878,0
17031030702,+41.9808148,-087.6545286,22158,0
17031030703,+41.9788749,-087.6578708,198290,0
17031030706,+41.9804151,-087.6509155,392423,175618
17031030800,+41.9799123,-087.6641880,567414,0
17031030900,+41.9797951,-087.6714454,408716,0
17031031000,+41.9724370,-087.6711094,424897,0
17031031100,+41.9726684,-087.6638662,549965,0
17031031200,+41.9727092,-087.6573410,326475,0
17031031300,+41.9737646,-087.6465298,632210,466785
17031031400,+41.9584475,-087.6424095,1489274,1040213
17031031501,+41.9672886,-087.6524343,159412,0
17031031502,+41.9636326,-087.6523656,161705,0
17031031700,+41.9654466,-087.6631954,477478,0
17031031800,+41.9670114,-087.6706209,235150,0
17031031900,+41.9633740,-087.6701841,257670,0
17031032100,+41.9581538,-087.6530179,431028,0
17031040100,+41.9856223,-087.6828856,1972508,29163
17031040201,+41.9725804,-087.6940005,721413,0
17031040202,+41.9798549,-087.6940960,588657,0
17031040300,+41.9769437,-087.7019832,752564,14886
17031040401,+41.9720667,-087.6860816,385796,0
17031040402,+41.9725450,-087.6788181,602581,0
17031040600,+41.9668338,-087.6840180,331259,0
17031040700,+41.9674314,-087.6940682,342084,15337
17031040800,+41.9639740,-087.6918213,217717,11487
17031040900,+41.9631847,-087.6838544,321853,0
17031050100,+41.9578451,-087.6763730,334634,0
17031050200,+41.9577405,-087.6837168,652253,0
17031050300,+41.9578851,-087.6904442,380031,14700
17031050500,+41.9504474,-087.6835073,652578,0
17031050600,+41.9505477,-087.6761824,332314,0
17031050700,+41.9450710,-087.6760595,164326,0
17031050800,+41.9450095,-087.6809279,162818,0
17031050900,+41.9449466,-087.6857780,162724,0
17031051000,+41.9413024,-087.6857317,166636,0
17031051100,+41.9413652,-087.6808266,162702,0
17031051200,+41.9414224,-087.6759536,164547,0
17031051300,+41.9359971,-087.6758395,322113,0
17031051400,+41.9354420,-087.6809594,346283,12601
17031060100,+41.9575311,-087.6666112,325545,0
17031060200,+41.9579036,-087.6715175,318279,0
17031060300,+41.9506049,-087.6713327,319839,0
17031060400,+41.9506731,-087.6665364,325029,0
17031060500,+41.9527200,-087.6605008,228276,0
17031060800,+41.9539590,-087.6426489,181490,65882
17031060900,+41.9515166,-087.6417784,499066,404435
17031061000,+41.9492206,-087.6519703,172816,0
17031061100,+41.9491398,-087.6568035,173036,0
17031061200,+41.9490599,-087.6616427,174670,0
17031061500,+41.9452818,-087.6615447,162913,0
17031061800,+41.9464901,-087.6471147,82769,0
17031061901,+41.9432305,-087.6434679,160305,0
17031061902,+41.9466985,-087.6390645,276415,585774
17031062000,+41.9425769,-087.6470786,224975,0
17031062100,+41.9426914,-087.6517704,244805,0
17031062200,+41.9425847,-087.6566440,242322,0
17031062300,+41.9416278,-087.6614432,163311,0
17031062400,+41.9415556,-087.6662882,162936,0
17031062500,+41.9414880,-087.6711073,161003,0
17031062600,+41.9359751,-087.6709843,330016,0
17031062700,+41.9360862,-087.6661103,325098,0
17031062800,+41.9361586,-087.6612648,325611,0
17031062900,+41.9362370,-087.6564113,325740,0
17031063000,+41.9363102,-087.6515617,324351,0
17031063100,+41.9382319,-087.6467799,159625,0
17031063200,+41.9389231,-087.6346726,366779,397543
17031063301,+41.9345407,-087.6430239,93843,0
17031063302,+41.9347647,-087.6398540,121199,0
17031063303,+41.9347312,-087.6346613,236591,0
17031063400,+41.9346596,-087.6467300,158852,0
17031070101,+41.9295225,-087.6323247,532229,665646
17031070102,+41.9305828,-087.6422020,124699,0
17031070103,+41.9268110,-087.6426051,69094,0
17031070200,+41.9290777,-087.6462930,341404,0
17031070300,+41.9290462,-087.6513103,324411,0
17031070400,+41.9289672,-087.6561563,324362,0
17031070500,+41.9289455,-087.6608922,305415,0
17031070600,+41.9287627,-087.6656766,343156,0
17031070700,+41.9306521,-087.6741038,646549,39577
17031071000,+41.9217011,-087.6559114,324639,0
17031071100,+41.9217778,-087.6510614,325455,0
17031071200,+41.9218547,-087.6462106,325200,0
17031071300,+41.9217794,-087.6414578,309582,0
17031071400,+41.9227255,-087.6295259,640573,683301
17031071500,+41.9142415,-087.6250923,895866,723071
17031071600,+41.9164722,-087.6411823,162169,0
17031071700,+41.9128666,-087.6410717,159952,0
17031071800,+41.9145855,-087.6459660,323370,0
17031080100,+41.9075487,-087.6267900,265446,0
17031080201,+41.9094976,-087.6310051,135375,0
17031080202,+41.9058589,-087.6309010,155240,0
17031080300,+41.9074899,-087.6357987,361504,0
17031080400,+41.9074123,-087.6409015,327241,0
17031081000,+41.9002655,-087.6321089,298829,0
17031081100,+41.9002211,-087.6291049,102996,0
17031081201,+41.8991538,-087.6262120,185124,0
17031081202,+41.9043769,-087.6242374,204321,530065
17031081300,+41.8983354,-087.6207531,202656,0
17031081401,+41.8950347,-087.6197175,281790,0
17031081402,+41.8910215,-087.6129310,589626,0
17031081403,+41.8929908,-087.6209560,331289,1429583
17031081500,+41.8929064,-087.6260787,284635,11173
17031081600,+41.8920572,-087.6288708,128834,3966
17031081700,+41.8922185,-087.6318316,359199,12366
17031081800,+41.8933243,-087.6391895,701139,44573
17031081900,+41.8979900,-087.6414870,137297,0
17031090100,+42.0152552,-087.8135872,933427,0
17031090200,+42.0055940,-087.8130961,1529762,0
17031090300,+41.9991127,-087.8163644,475842,0
17031100100,+41.9895840,-087.7830136,1182384,0
17031100200,+41.9957734,-087.7942589,2060321,0
17031100300,+41.9887330,-087.8042597,2330582,0
17031100400,+41.9889687,-087.8180411,971799,0
17031100500,+41.9780453,-087.8197314,1962095,0
17031100600,+41.9792049,-087.7974007,1282466,0
17031100700,+41.9721235,-087.7976295,1215251,0
17031110100,+41.9874756,-087.7696729,1844325,0
17031110200,+41.9800699,-087.7734442,596253,0
17031110300,+41.9752907,-087.7832349,1210672,0
17031110400,+41.9729536,-087.7726114,933971,0
17031110501,+41.9770023,-087.7619249,791607,0
17031110502,+41.9702865,-087.7598523,649329,0
17031120100,+42.0019817,-087.7750065,2789745,0
17031120200,+41.9945319,-087.7576108,2394584,0
17031120300,+41.9911122,-087.7400660,2055073,0
17031120400,+41.9772354,-087.7521624,1064697,0
17031130100,+41.9911040,-087.7208089,1839635,0
17031130200,+41.9818378,-087.7375733,2075998,3028
17031130300,+41.9865589,-087.7133915,721103,0
17031140100,+41.9712014,-087.7058050,282494,5489
17031140200,+41.9706949,-087.7130043,394455,0
17031140301,+41.9692055,-087.7231695,164129,0
17031140302,+41.9724938,-087.7237561,414720,0
17031140400,+41.9715371,-087.7389429,1181559,0
17031140500,+41.9653619,-087.7318319,452821,0
17031140601,+41.9646471,-087.7258909,272123,0
17031140602,+41.9646520,-087.7210166,384380,0
17031140701,+41.9670375,-087.7126524,228328,0
17031140702,+41.9635482,-087.7135753,427095,0
17031140800,+41.9645144,-087.7028469,714365,11508
17031150200,+41.9606747,-087.7524131,1326781,0
17031150300,+41.9605179,-087.7622859,1326511,0
17031150401,+41.9645676,-087.7722648,738022,0
17031150402,+41.9567979,-087.7720436,662508,0
17031150501,+41.9644762,-087.7819639,698792,0
17031150502,+41.9567784,-087.7818414,684583,0
17031150600,+41.9494731,-087.7717578,656191,0
17031150700,+41.9495915,-087.7619580,662396,0
17031150800,+41.9497086,-087.7521182,661051,0
17031151001,+41.9423826,-087.7543527,330135,0
17031151002,+41.9424917,-087.7471554,637151,0
17031151100,+41.9422903,-087.7617175,660846,0
17031151200,+41.9421690,-087.7714953,655584,0
17031160100,+41.9646282,-087.7427956,593631,0
17031160200,+41.9587931,-087.7383981,956887,0
17031160300,+41.9572681,-087.7308958,426178,0
17031160400,+41.9573657,-087.7228238,657332,0
17031160501,+41.9592098,-087.7129732,345248,0
17031160502,+41.9555841,-087.7130876,310887,0
17031160601,+41.9593980,-087.7032936,328030,0
17031160602,+41.9566814,-087.7004635,570721,16735
17031160700,+41.9512177,-087.7021347,773893,16585
17031160800,+41.9502131,-087.7128146,657623,0
17031160900,+41.9500821,-087.7226082,657733,0
17031161000,+41.9499766,-087.7306829,426503,0
17031161100,+41.9498800,-087.7381550,576830,0
17031161200,+41.9425489,-087.7385701,517850,0
17031161300,+41.9426994,-087.7310023,497602,0
17031170100,+41.9558596,-087.7948168,1014644,0
17031170200,+41.9493528,-087.7815188,653046,0
17031170300,+41.9491248,-087.7968278,1398898,0
17031170400,+41.9489081,-087.8127107,769031,0
17031170500,+41.9500779,-087.8288957,1539539,0
17031170600,+41.9412943,-087.8307016,566548,0
17031170700,+41.9414866,-087.8221640,579654,0
17031170800,+41.9415761,-087.8123713,730334,0
17031170900,+41.9361958,-087.8116057,320579,0
17031171000,+41.9418072,-087.7965238,1393039,0
17031171100,+41.9420528,-087.7812865,666147,0
17031180100,+41.9344851,-087.7986317,1068354,0
17031190100,+41.9352176,-087.7443889,316148,0
17031190200,+41.9351136,-087.7516489,660108,0
17031190300,+41.9349864,-087.7614635,660302,0
17031190401,+41.9347276,-087.7809524,655475,0
17031190402,+41.9348596,-087.7712318,653980,0
17031190601,+41.9274146,-087.7804606,690034,0
17031190602,+41.9275604,-087.7707371,621354,0
17031190701,+41.9297959,-087.7614217,277868,0
17031190702,+41.9261631,-087.7610395,383493,0
17031190800,+41.9278186,-087.7513624,661317,0
17031190900,+41.9279225,-087.7441048,314637,0
17031191000,+41.9192297,-087.7438010,434313,0
17031191100,+41.9196293,-087.7509763,822433,0
17031191200,+41.9201432,-087.7608269,705577,0
17031191301,+41.9201522,-087.7802655,674995,0
17031191302,+41.9202289,-087.7705334,631185,0
17031200100,+41.9350552,-087.7376226,584862,0
17031200200,+41.9278523,-087.7356282,818684,0
17031200300,+41.9234806,-087.7341264,250668,0
17031200401,+41.9198285,-087.7375419,402815,0
17031200402,+41.9196348,-087.7296789,386205,0
17031210100,+41.9446487,-087.7005716,836118,17979
17031210400,+41.9357450,-087.7303057,421549,0
17031210501,+41.9374013,-087.7223301,313076,0
17031210502,+41.9337846,-087.7220524,345944,0
17031210601,+41.9376356,-087.7122140,273651,0
17031210602,+41.9341630,-087.7125720,381387,0
17031210700,+41.9357029,-087.7038401,497304,0
17031210800,+41.9357455,-087.6989334,162930,0
17031210900,+41.9348372,-087.6931182,555364,15204
17031220300,+41.9284647,-087.6950863,326095,0
17031220400,+41.9284314,-087.6999684,329548,0
17031220500,+41.9283343,-087.7049877,345392,0
17031220601,+41.9258252,-087.7128836,189121,0
17031220602,+41.9293960,-087.7120860,453640,0
17031220701,+41.9261554,-087.7215651,266386,0
17031220702,+41.9293687,-087.7242313,575196,0
17031220901,+41.9191816,-087.7212483,293288,0
17031220902,+41.9227112,-087.7218357,330304,0
17031221000,+41.9209604,-087.7152526,220053,0
17031221100,+41.9210205,-087.7103609,440042,0
17031221200,+41.9210831,-087.7046499,330421,0
17031221300,+41.9211256,-087.6997541,330104,0
17031221400,+41.9208013,-087.6945320,355032,0
17031221500,+41.9216468,-087.6899513,304903,0
17031221600,+41.9212478,-087.6850971,327758,0
17031222200,+41.9159095,-087.6838262,231074,0
17031222500,+41.9156825,-087.6995874,160675,0
17031222600,+41.9156388,-087.7044798,160604,0
17031222700,+41.9155009,-087.7102058,224935,0
17031222800,+41.9154349,-087.7150953,111384,0
17031222900,+41.9155644,-087.7200744,218387,0
17031230100,+41.9120080,-087.7043655,166340,0
17031230200,+41.9118688,-087.7100844,214283,0
17031230300,+41.9117866,-087.7149884,106483,0
17031230400,+41.9118202,-087.7215519,338511,0
17031230500,+41.9116892,-087.7339434,526593,0
17031230600,+41.9061550,-087.7339986,1010886,0
17031230700,+41.9063229,-087.7215397,647089,0
17031230800,+41.9058396,-087.7149530,204403,0
17031230900,+41.9066918,-087.7103505,451725,0
17031231100,+41.8992542,-087.7150684,176381,0
17031231200,+41.8990614,-087.7213153,656674,0
17031231500,+41.8917357,-087.7186525,999706,0
17031240200,+41.9124417,-087.6701816,166088,0
17031240300,+41.9123693,-087.6750677,166319,0
17031240500,+41.9119683,-087.6836267,233803,0
17031240600,+41.9121341,-087.6897111,165380,0
17031240700,+41.9120878,-087.6945986,165872,0
17031240800,+41.9120483,-087.6994876,166576,0
17031240900,+41.9048448,-087.6986233,958058,42315
17031241000,+41.9079686,-087.6945342,207513,0
17031241100,+41.9066403,-087.6895801,330813,0
17031241200,+41.9067070,-087.6846857,328117,0
17031241300,+41.9067716,-087.6810250,164085,0
17031241400,+41.9060312,-087.6753137,518625,0
17031241500,+41.9083740,-087.6709298,302473,0
17031241600,+41.9067097,-087.6653277,293931,0
17031242000,+41.8997371,-087.6649536,326757,0
17031242100,+41.8996698,-087.6698375,327980,0
17031242200,+41.8995893,-087.6747188,326986,0
17031242300,+41.8995065,-087.6796003,328316,0
17031242400,+41.8994219,-087.6844900,328052,0
17031242500,+41.8994455,-087.6893191,309814,0
17031242600,+41.9005600,-087.6941970,475743,0
17031242700,+41.8974254,-087.6993742,175572,0
17031242800,+41.8926320,-087.6903237,439630,0
17031242900,+41.8921955,-087.6842896,323819,0
17031243000,+41.8922753,-087.6793981,324547,0
17031243100,+41.8923546,-087.6745068,324004,0
17031243200,+41.8924327,-087.6696238,323850,0
17031243300,+41.8924781,-087.6647388,327093,0
17031243400,+41.8925660,-087.6598540,328390,0
17031243500,+41.8926494,-087.6525227,657987,0
17031250200,+41.9123508,-087.7510730,499204,0
17031250300,+41.9128483,-087.7608528,618881,0
17031250400,+41.9129050,-087.7754058,1308325,0
17031250500,+41.9146180,-087.7967960,2061581,0
17031250600,+41.9056935,-087.7706303,647765,0
17031250700,+41.9058206,-087.7608128,662318,0
17031250800,+41.9061855,-087.7514741,574711,0
17031251000,+41.8986945,-087.7448924,466955,0
17031251100,+41.8986248,-087.7520112,496455,0
17031251200,+41.8985491,-087.7606040,662289,0
17031251300,+41.8984251,-087.7703849,653465,0
17031251400,+41.8909574,-087.7701248,688028,0
17031251500,+41.8911035,-087.7603538,683926,0
17031251600,+41.8914065,-087.7518037,480786,0
17031251700,+41.8913844,-087.7444793,486655,0
17031251800,+41.8841436,-087.7478885,997741,0
17031251900,+41.8838116,-087.7600945,632452,0
17031252000,+41.8836759,-087.7698798,624594,0
17031252101,+41.8738812,-087.7698552,827450,24575
17031252102,+41.8765990,-087.7598276,670761,0
17031252201,+41.8766958,-087.7521051,386790,0
17031252202,+41.8767584,-087.7445832,637446,0
17031260100,+41.8843707,-087.7233302,325451,0
17031260200,+41.8843243,-087.7282302,328451,0
17031260300,+41.8842766,-087.7331362,329187,0
17031260400,+41.8842145,-087.7380411,328225,0
17031260500,+41.8766639,-087.7377282,337553,0
17031260600,+41.8771076,-087.7328670,318825,0
17031260700,+41.8770565,-087.7279962,329201,0
17031260800,+41.8770848,-087.7230964,328945,0
17031260900,+41.8710297,-087.7228141,228195,0
17031261000,+41.8713379,-087.7320094,499037,0
17031270500,+41.8762402,-087.7177932,561347,0
17031271200,+41.8773597,-087.7035621,329808,0
17031271300,+41.8773040,-087.7084528,327413,0
17031271400,+41.8772429,-087.7133314,328376,0
17031271500,+41.8717861,-087.7131559,162821,0
17031271800,+41.8714964,-087.6984897,205986,0
17031280100,+41.8854520,-087.6434977,581716,29634
17031280400,+41.8860094,-087.6718846,502194,0
17031280800,+41.8785967,-087.6889009,237357,0
17031280900,+41.8786261,-087.6851324,114689,0
17031281900,+41.8786346,-087.6429236,421030,17458
17031282700,+41.8713668,-087.6886812,439297,0
17031282800,+41.8702683,-087.6849136,164404,0
17031283100,+41.8692741,-087.6640920,216513,0
17031283200,+41.8695790,-087.6592023,236547,0
17031283800,+41.8634168,-087.6537547,376238,0
17031290900,+41.8624103,-087.7324567,996496,0
17031291200,+41.8626611,-087.7128746,329138,0
17031291600,+41.8576415,-087.6922159,220340,0
17031292200,+41.8566665,-087.7157306,394160,0
17031292400,+41.8552397,-087.7223992,330658,0
17031292500,+41.8551613,-087.7322428,982499,0
17031300500,+41.8474251,-087.7219393,271031,0
17031300600,+41.8479904,-087.7173343,328182,0
17031300700,+41.8480720,-087.7124504,329127,0
17031300800,+41.8481108,-087.7075818,325846,0
17031300900,+41.8481796,-087.7026993,327299,0
17031301100,+41.8470290,-087.6979734,211425,0
17031301200,+41.8484171,-087.6914771,482205,0
17031301600,+41.8407572,-087.7122520,329517,0
17031301701,+41.8424805,-087.7196254,330773,0
17031301702,+41.8388062,-087.7195244,330989,0
17031301801,+41.8416597,-087.7350509,694937,0
17031301802,+41.8451846,-087.7277592,345011,0
17031301803,+41.8395497,-087.7278708,351050,0
17031310200,+41.8563100,-087.6442091,320573,0
17031310300,+41.8561439,-087.6489782,318572,0
17031310400,+41.8565069,-087.6522613,124462,0
17031310500,+41.8552480,-087.6547400,161938,0
17031310600,+41.8563330,-087.6595637,543291,0
17031310700,+41.8559903,-087.6649061,160036,0
17031310800,+41.8559337,-087.6685737,332782,0
17031310900,+41.8557716,-087.6746741,484908,0
17031320101,+41.8850259,-087.6170590,465726,25911
17031320102,+41.8851249,-087.6241944,453642,24921
17031320400,+41.8758170,-087.6172556,804124,649677
17031320600,+41.8705542,-087.6165962,609069,549336
17031330101,+41.8591203,-087.6132250,1882941,828956
17031330102,+41.8635721,-087.6239883,402828,0
17031330103,+41.8564796,-087.6234172,509666,0
17031330200,+41.8655783,-087.6305680,756020,35440
17031340300,+41.8428046,-087.6357882,213596,0
17031340400,+41.8418857,-087.6320356,290316,0
17031340500,+41.8345181,-087.6329169,435447,0
17031340600,+41.8272864,-087.6326516,496574,0
17031350100,+41.8402590,-087.6079492,567876,518735
17031350400,+41.8419291,-087.6283695,201454,0
17031351000,+41.8355675,-087.6065282,821383,665632
17031351100,+41.8277540,-087.6141894,347265,0
17031351400,+41.8274019,-087.6240909,323957,0
17031351500,+41.8272402,-087.6277309,166221,0
17031360200,+41.8268855,-087.6098876,232044,0
17031380100,+41.8202019,-087.6100974,438048,0
17031380200,+41.8205740,-087.6149861,215130,0
17031380600,+41.8201510,-087.6229356,838894,0
17031381200,+41.8085114,-087.6139992,258553,0
17031381400,+41.8076202,-087.6214298,316691,0
17031381500,+41.8101927,-087.6228619,108677,0
17031381700,+41.8055502,-087.6274463,196802,0
17031381800,+41.8038481,-087.6211978,319368,0
17031381900,+41.8039557,-087.6138885,172690,0
17031390100,+41.8135545,-087.5905449,482752,360058
17031390200,+41.8130410,-087.5994765,303791,0
17031390300,+41.8132006,-087.6042089,327051,0
17031390400,+41.8059243,-087.6040582,326306,0
17031390500,+41.8059781,-087.5991987,326519,0
17031390600,+41.8060181,-087.5943504,324629,0
17031390700,+41.8040164,-087.5804887,608424,820061
17031400300,+41.7897540,-087.6112728,1385551,79000
17031400400,+41.7911261,-087.6183211,326944,0
17031400500,+41.7910414,-087.6231791,326149,0
17031400800,+41.7828633,-087.6205580,493317,0
17031410100,+41.8015822,-087.5810259,220901,265305
17031410200,+41.8016709,-087.5942651,64827,0
17031410500,+41.7978308,-087.6037423,263011,0
17031410600,+41.7979687,-087.5989422,252245,0
17031410700,+41.7980493,-087.5941996,259923,0
17031410800,+41.7979614,-087.5896248,249520,0
17031410900,+41.7967097,-087.5780937,387624,578244
17031411000,+41.7872267,-087.5774620,745892,1150922
17031411100,+41.7904552,-087.5897008,283324,0
17031411200,+41.7905618,-087.5940171,402990,0
17031420100,+41.7825689,-087.5795042,761045,623125
17031420200,+41.7834680,-087.5935208,277261,0
17031420300,+41.7832241,-087.5986970,245119,0
17031420400,+41.7831699,-087.6035584,245128,0
17031420500,+41.7831002,-087.6084261,245980,0
17031420600,+41.7830135,-087.6132777,243609,0
17031420700,+41.7766914,-087.6106933,650530,0
17031420800,+41.7769097,-087.6032569,347603,0
17031421200,+41.7706621,-087.6089474,325749,0
17031430101,+41.7698532,-087.5739530,327083,0
17031430102,+41.7689528,-087.5638143,454086,542570
17031430200,+41.7697613,-087.5813509,661348,0
17031430300,+41.7697163,-087.5893601,406133,0
17031430400,+41.7621961,-087.5903098,547730,0
17031430500,+41.7643139,-087.5812700,342833,0
17031430600,+41.7644133,-087.5713730,333359,0
17031430700,+41.7652716,-087.5608903,189450,178320
17031430800,+41.7607500,-087.5712983,328071,0
17031430900,+41.7606410,-087.5811851,336518,0
17031431200,+41.7553011,-087.5711843,655295,0
17031431301,+41.7535302,-087.5601871,404025,0
17031431302,+41.7583855,-087.5627859,437419,0
17031431400,+41.7572084,-087.5465550,1084987,1126154
17031440101,+41.7486271,-087.6014512,377008,0
17031440102,+41.7409356,-087.6011636,627506,0
17031440201,+41.7482097,-087.6100739,531454,0
17031440202,+41.7409599,-087.6097620,781698,0
17031440300,+41.7437212,-087.6195424,1295106,0
17031440600,+41.7326718,-087.6191373,666619,0
17031440700,+41.7347514,-087.6096294,327461,0
17031440800,+41.7317114,-087.6033280,279123,0
17031440900,+41.7286690,-087.6090057,742630,0
17031450300,+41.7419438,-087.5790892,1366771,0
17031460100,+41.7478345,-087.5367253,2964055,2514274
17031460200,+41.7413872,-087.5470101,600282,0
17031460301,+41.7400264,-087.5563673,485612,0
17031460302,+41.7470840,-087.5573879,648832,0
17031460400,+41.7444903,-087.5636922,652525,0
17031460500,+41.7468819,-087.5726041,1277228,0
17031460800,+41.7356005,-087.5531842,683234,0
17031461000,+41.7273925,-087.5465424,561859,59596
17031470100,+41.7282207,-087.5964894,1589028,0
17031480100,+41.7352410,-087.5757292,659618,0
17031480200,+41.7351241,-087.5898829,286108,0
17031480300,+41.7291940,-087.5879725,415735,0
17031480400,+41.7284498,-087.5756385,1809913,0
17031480500,+41.7276001,-087.5590911,1363485,0
17031490200,+41.7249095,-087.6168742,870444,0
17031490500,+41.7179309,-087.6131964,1424111,0
17031490600,+41.7179734,-087.6283302,683115,0
17031490700,+41.7107339,-087.6283617,639811,0
17031490800,+41.7106902,-087.6153469,1081033,0
17031490901,+41.6960582,-087.6162677,845452,0
17031490902,+41.7032801,-087.6153262,1196066,0
17031491000,+41.6997625,-087.6280536,1277974,0
17031491100,+41.6997531,-087.6376994,1321949,0
17031491200,+41.6887765,-087.6374383,649492,0
17031491300,+41.6888969,-087.6278036,646033,0
17031491400,+41.6891232,-087.6168215,829869,0
17031500100,+41.7146840,-087.5950287,2651675,0
17031500200,+41.7008552,-087.6003086,2042414,0
17031500300,+41.6893150,-087.6053698,709172,0
17031510100,+41.7126213,-087.5500748,2147646,220086
17031510200,+41.7142651,-087.5600495,1277946,0
17031510300,+41.7157373,-087.5749771,2958349,0
17031520100,+41.7211184,-087.5294325,2581838,521741
17031520200,+41.7123087,-087.5406913,1108055,109644
17031520300,+41.7011139,-087.5395629,958354,0
17031520400,+41.7030080,-087.5307029,725278,0
17031520500,+41.6931158,-087.5308719,1050138,0
17031520600,+41.6895204,-087.5404000,1089377,0
17031530100,+41.6818522,-087.6179395,649937,0
17031530200,+41.6815612,-087.6323954,1297343,0
17031530300,+41.6813144,-087.6517524,1308194,0
17031530400,+41.6740397,-087.6515267,1312063,0
17031530501,+41.6742780,-087.6321660,1296493,0
17031530502,+41.6660796,-087.6250251,706252,101712
17031530503,+41.6642039,-087.6375356,1598487,57148
17031530600,+41.6700882,-087.6191458,966243,67959
17031540101,+41.6507203,-087.5993689,3357305,508399
17031540102,+41.6673300,-087.6054488,5297055,0
17031550100,+41.6631813,-087.5359785,7189486,1132186
17031550200,+41.6550974,-087.5648270,5093938,283388
17031560100,+41.8156765,-087.7415910,693892,48984
17031560200,+41.8113309,-087.7478273,662049,0
17031560300,+41.8039075,-087.7479870,653932,0
17031560400,+41.8040062,-087.7406144,339633,0
17031560700,+41.7964626,-087.7575202,661239,0
17031560800,+41.7962056,-087.7721659,1321148,0
17031560900,+41.7957702,-087.7916514,1319260,0
17031561000,+41.7885022,-087.7915033,1328253,0
17031561100,+41.7888698,-087.7719099,1321993,0
17031570100,+41.8162003,-087.7189132,1523744,0
17031570200,+41.8143799,-087.7307183,1763887,0
17031570300,+41.8041449,-087.7307909,980167,0
17031570400,+41.8049921,-087.7191305,463390,0
17031570500,+41.7986015,-087.7324553,423598,0
17031580100,+41.8280549,-087.6907463,763337,0
17031580200,+41.8267718,-087.6993478,729817,0
17031580300,+41.8251876,-087.7089340,471020,0
17031580400,+41.8152753,-087.7091845,1316120,0
17031580501,+41.8199860,-087.6994962,492117,0
17031580502,+41.8145617,-087.6993102,494416,0
17031580600,+41.8173978,-087.6920314,492790,0
17031580700,+41.8174935,-087.6868459,550116,0
17031580800,+41.8102197,-087.6866436,183294,0
17031590500,+41.8248978,-087.6804596,572106,24222
17031590600,+41.8268332,-087.6729244,347982,0
17031590700,+41.8260539,-087.6627888,869830,12614
17031600400,+41.8417183,-087.6439322,327229,0
17031600600,+41.8424685,-087.6557510,394134,11665
17031600700,+41.8407816,-087.6605430,447251,39858
17031600900,+41.8365130,-087.6531428,382321,0
17031610300,+41.8161779,-087.6751022,2383657,0
17031610400,+41.8103984,-087.6674491,163180,0
17031610800,+41.8127119,-087.6384046,332497,0
17031611200,+41.8049939,-087.6624414,327038,0
17031611300,+41.8049362,-087.6673039,327029,0
17031611400,+41.8048929,-087.6721661,326619,0
17031611500,+41.8053819,-087.6787310,507432,0
17031611600,+41.7976329,-087.6768980,335433,0
17031611700,+41.7975991,-087.6719762,328310,0
17031611800,+41.7976477,-087.6671138,327809,0
17031611900,+41.7985375,-087.6595552,612381,41168
17031612000,+41.7978466,-087.6525360,325911,0
17031612100,+41.7979128,-087.6476808,326357,0
17031612200,+41.8048761,-087.6527194,898079,0
17031620100,+41.7980175,-087.7180257,837583,0
17031620200,+41.7955215,-087.7292339,577060,0
17031620300,+41.7895025,-087.7304438,992183,0
17031620400,+41.7896382,-087.7181682,656282,0
17031630300,+41.7988620,-087.7086378,985487,0
17031630400,+41.7972545,-087.6987811,658248,0
17031630500,+41.7974279,-087.6890171,657659,0
17031630600,+41.8012095,-087.6888524,1102329,0
17031630800,+41.7899652,-087.6985725,655815,0
17031630900,+41.7898114,-087.7083655,659762,0
17031640100,+41.7819196,-087.7398608,305457,0
17031640300,+41.7815321,-087.7716353,1324645,0
17031640400,+41.7811784,-087.7912474,1334945,0
17031640500,+41.7756825,-087.7909879,661917,0
17031640600,+41.7760362,-087.7714298,659757,0
17031640700,+41.7764111,-087.7519356,657092,0
17031640800,+41.7748241,-087.7397422,326769,0
17031650100,+41.7823766,-087.7178549,673422,0
17031650200,+41.7822221,-087.7302252,991073,0
17031650301,+41.7749275,-087.7299916,985558,0
17031650302,+41.7750931,-087.7177331,664019,0
17031650400,+41.7653118,-087.7171651,1102193,0
17031650500,+41.7622187,-087.7320352,3246103,0
17031660301,+41.7799541,-087.6982872,163782,0
17031660302,+41.7835957,-087.6983926,491837,0
17031660400,+41.7825321,-087.7080441,645646,0
17031660500,+41.7752461,-087.7079271,657188,0
17031660600,+41.7772873,-087.6933406,658608,0
17031660700,+41.7738452,-087.6810955,480681,0
17031660800,+41.7736413,-087.6932656,655390,0
17031660900,+41.7678191,-087.6990630,1811423,161566
17031661000,+41.7618177,-087.6850469,1118966,0
17031661100,+41.7607864,-087.7026636,1295866,0
17031670100,+41.7904937,-087.6572084,326892,0
17031670200,+41.7904247,-087.6620627,326542,0
17031670300,+41.7903576,-087.6669167,326330,0
17031670400,+41.7902996,-087.6717698,326418,0
17031670500,+41.7865780,-087.6764044,622494,0
17031670600,+41.7830054,-087.6715772,327032,0
17031670700,+41.7830686,-087.6667315,326730,0
17031670800,+41.7831442,-087.6618790,326299,0
17031670900,+41.7832124,-087.6570220,326291,0
17031671100,+41.7767771,-087.6617159,245194,0
17031671200,+41.7766993,-087.6665823,244922,0
17031671300,+41.7739015,-087.6713493,484665,0
17031671400,+41.7737921,-087.6762289,495626,0
17031671500,+41.7681722,-087.6696315,741246,0
17031671600,+41.7694999,-087.6615113,407164,0
17031671800,+41.7614010,-087.6564481,324235,0
17031671900,+41.7613256,-087.6612802,322062,0
17031672000,+41.7611983,-087.6711281,995092,0
17031680500,+41.7905639,-087.6523524,326856,0
17031680600,+41.7832811,-087.6521652,326466,0
17031680900,+41.7764305,-087.6376304,1032879,0
17031681000,+41.7760398,-087.6495479,652467,0
17031681100,+41.7687665,-087.6493595,652438,0
17031681200,+41.7691893,-087.6384976,794733,0
17031681300,+41.7611807,-087.6398423,718139,0
17031681400,+41.7615223,-087.6491706,646368,0
17031690300,+41.7686693,-087.6290093,512681,0
17031690400,+41.7692590,-087.6202039,651075,0
17031690500,+41.7681794,-087.6121031,323161,0
17031690900,+41.7621424,-087.6103447,655477,0
17031691000,+41.7619654,-087.6200151,648676,0
17031691100,+41.7617135,-087.6298721,675743,0
17031691200,+41.7526208,-087.6304113,1003068,10662
17031691300,+41.7546811,-087.6198472,647447,0
17031691400,+41.7548455,-087.6101685,656684,0
17031691500,+41.7550528,-087.6002666,674522,0
17031700100,+41.7535935,-087.6953091,2311840,0
17031700200,+41.7529893,-087.7237840,1614071,0
17031700301,+41.7456225,-087.7317117,1275707,0
17031700302,+41.7383652,-087.7313064,1319649,0
17031700401,+41.7455372,-087.7120355,1482529,0
17031700402,+41.7382302,-087.7118234,1148944,0
17031700501,+41.7462133,-087.6903423,1670340,0
17031700502,+41.7388522,-087.6887683,1722969,0
17031710100,+41.7533918,-087.6419713,215116,0
17031710200,+41.7551131,-087.6514252,741782,0
17031710300,+41.7540485,-087.6611057,327581,0
17031710400,+41.7539184,-087.6709328,1002458,0
17031710500,+41.7475316,-087.6707874,748404,0
17031710600,+41.7476600,-087.6609434,244933,0
17031710700,+41.7471100,-087.6568840,490083,0
17031710800,+41.7478366,-087.6488126,816273,0
17031710900,+41.7421461,-087.6396893,990948,0
17031711000,+41.7396436,-087.6485811,654358,0
17031711100,+41.7395016,-087.6583002,653926,0
17031711200,+41.7405561,-087.6698252,1102231,0
17031711300,+41.7335044,-087.6672855,350019,0
17031711400,+41.7336614,-087.6521168,745157,0
17031711500,+41.7324402,-087.6386888,649295,0
17031720100,+41.7276164,-087.6747355,1965312,0
17031720200,+41.7130417,-087.6660545,1672473,0
17031720300,+41.7139198,-087.6771439,1264753,0
17031720400,+41.7099918,-087.6866686,663284,0
17031720500,+41.7028353,-087.6891011,1042167,0
17031720600,+41.7027764,-087.6772070,582372,0
17031720700,+41.7031071,-087.6651388,1049859,0
17031730100,+41.7251952,-087.6384256,656951,0
17031730201,+41.7268625,-087.6579016,998832,0
17031730202,+41.7264299,-087.6485425,872692,0
17031730300,+41.7274693,-087.6645667,297371,0
17031730400,+41.7178408,-087.6526479,1285204,0
17031730500,+41.7142653,-087.6381377,1317608,0
17031730600,+41.7106003,-087.6504857,1007256,0
17031730700,+41.7030817,-087.6500793,988114,0
17031740100,+41.6972859,-087.6986083,891330,0
17031740200,+41.7047017,-087.7127057,1962882,0
17031740300,+41.6950694,-087.7107233,1320728,0
17031740400,+41.6872391,-087.7193158,2838804,0
17031750100,+41.6958345,-087.6520283,1285527,0
17031750200,+41.6956647,-087.6714247,1311132,0
17031750300,+41.6953911,-087.6861726,661763,0
17031750400,+41.6856566,-087.6850710,995559,0
17031750500,+41.6846154,-087.6712334,2636170,0
17031750600,+41.6886312,-087.6520493,1316350,0
17031760801,+41.9834867,-087.8448495,1300063,0
17031760802,+41.9561268,-087.8426210,6189567,24085
17031760803,+41.9753408,-087.8441356,762869,0
17031770201,+41.9976219,-088.0176952,2811950,15346
17031770202,+42.0286697,-088.0219089,10961428,868307
17031770300,+42.0411009,-088.0063939,14379522,30263
17031770400,+42.0246767,-087.9740263,5175590,18740
17031770500,+42.0080063,-087.9447433,6753655,0
17031770601,+42.0291453,-087.9087421,2767944,0
17031770602,+42.0119110,-087.9074973,5390210,153161
17031770700,+41.9854357,-087.8694197,4677383,0
17031770800,+41.9633197,-087.8664226,3925188,0
17031770901,+41.9705560,-087.8168604,1239068,0
17031770902,+41.9700602,-087.8361806,1162648,0
17031800100,+42.1339745,-087.7477294,3168956,3084876
17031800200,+42.1344071,-087.7711018,6956131,497003
17031800300,+42.1125387,-087.7574932,3234208,207366
17031800400,+42.1116252,-087.7290577,2964651,3498338
17031800500,+42.1002317,-087.7407481,3396079,0
17031800600,+42.0887818,-087.7143339,1539777,0
17031800700,+42.0847062,-087.7425824,3984215,0
17031800800,+42.0972200,-087.7586298,4148396,98380
17031800900,+42.0735095,-087.7527614,2132398,0
17031801000,+42.0723092,-087.7348644,2533873,0
17031801100,+42.0751828,-087.7149697,1873164,0
17031801200,+42.0788722,-087.6848300,1939107,3500828
17031801300,+42.0741035,-087.6970402,1873798,0
17031801400,+42.0711418,-087.7656006,1434291,0
17031801500,+42.1399021,-087.8145971,10122968,104465
17031801601,+42.1452894,-087.8630230,6479640,0
17031801603,+42.0871170,-087.8770893,8032277,152920
17031801605,+42.1291981,-087.8632115,4718450,75315
17031801606,+42.1163254,-087.8687084,6282273,40314
17031801607,+42.0894170,-087.8589238,5578921,0
17031801608,+42.1064279,-087.8310901,6810863,73692
17031801701,+42.1264867,-087.8429419,2167634,0
17031801702,+42.1252389,-087.8281456,3334398,13426
17031801800,+42.1151825,-087.7875818,10723316,334524
17031801901,+42.0949930,-087.8008408,3911136,109657
17031801902,+42.0865354,-087.7833677,3175295,0
17031802002,+42.0732542,-087.8320839,3236864,0
17031802003,+42.0795988,-087.8456411,1712240,0
17031802004,+42.0693032,-087.8537258,1072961,0
17031802100,+42.0722616,-087.8115442,1845010,0
17031802200,+42.0729443,-087.7881169,4437336,0
17031802300,+42.0904797,-087.8242139,5204580,0
17031802402,+42.1479523,-087.9100992,5417488,75626
17031802403,+42.1418701,-087.9531258,561475,0
17031802404,+42.1477505,-087.9440326,2551828,0
17031802503,+42.1316179,-087.9537744,1929713,0
17031802504,+42.1343263,-087.9370604,3403957,19498
17031802505,+42.1222750,-087.9126363,7053776,44923
17031802506,+42.1299534,-087.8977629,3703831,0
17031802605,+42.0971260,-087.9129492,5250966,0
17031802607,+42.0979804,-087.9331480,1855268,78992
17031802608,+42.1009482,-087.9488888,4380134,0
17031802609,+42.1053603,-087.8996709,974033,0
17031802610,+42.0976999,-087.8954887,1281200,0
17031802701,+42.0843917,-087.9166479,3206985,0
17031802702,+42.0742533,-087.9076154,5659568,0
17031802801,+42.0826842,-087.9568289,2926591,41892
17031802802,+42.0716670,-087.9432469,3572573,0
17031802900,+42.0971614,-087.9690169,4547460,0
17031803005,+42.1322418,-087.9920463,3050593,0
17031803007,+42.1317433,-087.9706739,2567284,0
17031803008,+42.1181133,-087.9704677,2516508,0
17031803010,+42.1512524,-087.9799990,2585560,28559
17031803012,+42.1432824,-087.9952320,1470718,0
17031803013,+42.1430920,-087.9718935,1991944,0
17031803014,+42.1188515,-087.9327845,1266250,28253
17031803015,+42.1164128,-087.9496249,3306156,0
17031803016,+42.1208172,-087.9865230,1029774,0
17031803017,+42.1191707,-087.9982585,2969423,0
17031803100,+42.1003925,-087.9864133,1738132,0
17031803200,+42.0988438,-087.9976755,2773990,0
17031803300,+42.0850701,-087.9894768,1987423,0
17031803400,+42.0745454,-087.9711873,3077022,0
17031803500,+42.0739284,-087.9940638,2951704,0
17031803603,+42.1203621,-088.0953704,10112403,0
17031803604,+42.1298817,-088.0409769,2518649,0
17031803605,+42.1280433,-088.0248514,3191637,40495
17031803607,+42.1185514,-088.0155401,2531011,50181
17031803608,+42.1440733,-088.0735467,15535512,525154
17031803611,+42.1481082,-088.0181130,1119235,19131
17031803612,+42.1498523,-088.0087908,672853,0
17031803613,+42.1403097,-088.0135006,788579,1610
17031803614,+42.1363338,-088.0112153,728926,0
17031803615,+42.1312692,-088.0784266,1345647,25644
17031803616,+42.1306440,-088.0603591,3012886,63129
17031803701,+42.1190705,-088.0525589,1485727,0
17031803702,+42.1056862,-088.0541460,3430188,0
17031803800,+42.1090260,-088.0354428,3334528,0
17031803901,+42.0973527,-088.0193821,5641205,96226
17031803902,+42.0829609,-088.0152318,2201658,0
17031804000,+42.0727630,-088.0180750,2532233,0
17031804102,+42.0967210,-088.0754279,8402923,126940
17031804104,+42.1047153,-088.1091660,2911330,0
17031804105,+42.0777210,-088.0965417,12782814,75900
17031804106,+42.0879204,-088.0500926,3985971,0
17031804108,+42.0749485,-088.0507852,1214480,0
17031804109,+42.0754963,-088.0367314,2367605,0
17031804202,+42.1014508,-088.1308489,13529397,579416
17031804203,+42.0988871,-088.1581646,14887914,698341
17031804204,+42.1151722,-088.2021930,61847415,1758649
17031804305,+42.0376728,-088.1603535,2929117,86802
17031804306,+42.0219819,-088.1740085,2536348,0
17031804308,+42.0239204,-088.1526990,2279542,0
17031804309,+42.0125737,-088.1575723,2042642,0
17031804312,+42.0542353,-088.2008038,8201105,17262
17031804313,+42.0625192,-088.2401967,3902004,0
17031804314,+42.0377093,-088.2040103,6535970,0
17031804315,+42.0200711,-088.1881830,1062785,0
17031804316,+42.0262543,-088.2006618,3247075,0
17031804403,+42.0513685,-088.2424140,4208560,132403
17031804404,+42.0422885,-088.2441212,3099576,0
17031804405,+42.0347680,-088.2429903,1674250,0
17031804406,+42.0174771,-088.2561802,7052082,41081
17031804505,+41.9936149,-088.1751552,3088855,0
17031804506,+42.0031424,-088.1964874,4979651,42874
17031804508,+42.0073192,-088.1800998,936040,0
17031804509,+42.0044138,-088.1651208,2155196,0
17031804510,+42.0000406,-088.1525557,1403373,0
17031804511,+41.9922655,-088.1522087,915695,0
17031804512,+42.0200467,-088.2211419,3716161,0
17031804513,+42.0084595,-088.2251086,5000910,129989
17031804514,+41.9987533,-088.2307015,6677232,79284
17031804603,+42.0543487,-088.0540088,11859086,9786
17031804606,+42.0091360,-088.0480798,5008946,61278
17031804607,+41.9973360,-088.0520065,3639630,7556
17031804608,+42.0338680,-088.0729963,2713928,12120
17031804609,+42.0315791,-088.0446067,3856659,0
17031804610,+42.0240925,-088.0510406,1637251,23682
17031804611,+42.0188278,-088.0677831,2557338,0
17031804701,+42.0516883,-088.1606437,12593640,143185
17031804705,+42.0594346,-088.1136271,1921236,46614
17031804706,+42.0550449,-088.1067312,1688303,8970
17031804709,+42.0374913,-088.0874060,3045418,30138
17031804710,+42.0317627,-088.1075420,2204120,33342
17031804711,+42.0353003,-088.1397559,2085305,62727
17031804712,+42.0365788,-088.1261143,2369935,58189
17031804713,+42.0535227,-088.0899484,1636054,0
17031804714,+42.0630032,-088.0935439,2293040,31464
17031804715,+42.0450231,-088.0977017,849060,0
17031804716,+42.0420219,-088.1141927,2296442,0
17031804803,+41.9998125,-088.0888747,5658767,40590
17031804804,+41.9968749,-088.1267398,4843469,51488
17031804805,+42.0200706,-088.1290843,3302484,0
17031804806,+42.0086881,-088.1363775,1163257,0
17031804807,+42.0103801,-088.1199897,2364666,0
17031804808,+42.0220152,-088.1000250,1531187,0
17031804809,+42.0110786,-088.1012621,2293139,0
17031804810,+42.0161512,-088.0829772,3044191,0
17031804901,+42.0594171,-087.9322202,2860240,0
17031804902,+42.0446148,-087.9309674,2615987,0
17031805001,+42.0564377,-087.9512516,3097295,0
17031805002,+42.0423539,-087.9507693,1886336,0
17031805105,+42.0583574,-088.0130994,2931624,16606
17031805106,+42.0608181,-087.9982952,1702294,0
17031805107,+42.0414143,-087.9805229,3174474,88009
17031805108,+42.0438468,-087.9665233,1502410,1676
17031805109,+42.0550728,-087.9760987,2572974,0
17031805110,+42.0628235,-087.9744666,1939217,0
17031805111,+42.0355070,-087.9438078,3860702,10009
17031805112,+42.0218595,-087.9376990,2995623,20794
17031805201,+42.0608624,-087.8307449,1831780,0
17031805202,+42.0596527,-087.8147419,1567950,0
17031805301,+42.0449740,-087.8196521,1058874,0
17031805302,+42.0497649,-087.8134423,1549942,0
17031805401,+42.0330767,-087.8259769,2611812,0
17031805402,+42.0297739,-087.8113312,1975529,0
17031805501,+42.0196065,-087.8378985,2023150,0
17031805502,+42.0171513,-087.8239849,1849201,0
17031805600,+42.0025082,-087.8309177,1890905,0
17031805701,+42.0029705,-087.8510299,2755195,0
17031805702,+41.9920564,-087.8468300,1676144,0
17031805801,+42.0183800,-087.8631205,1871859,58160
17031805802,+42.0152617,-087.8473873,1746701,25989
17031805901,+42.0348396,-087.8707849,3709721,46782
17031805902,+42.0329109,-087.8472073,3024575,0
17031806001,+42.0603600,-087.8491466,1835738,0
17031806002,+42.0482600,-087.8666022,2316162,137132
17031806004,+42.0472521,-087.8358213,2693086,0
17031806005,+42.0435347,-087.8506827,584553,0
17031806006,+42.0506342,-087.8502225,654286,0
17031806102,+42.0479477,-087.9024646,3295963,0
17031806103,+42.0588334,-087.9118137,2710682,0
17031806104,+42.0606132,-087.8784621,4653398,67321
17031806201,+42.0454459,-087.8897882,627820,0
17031806202,+42.0376100,-087.8888917,1204349,0
17031806300,+42.0379179,-087.9023799,2011841,0
17031806400,+42.0288302,-087.8818220,1143691,29233
17031806501,+42.0157961,-087.8910650,834958,0
17031806502,+42.0165164,-087.8782773,2499883,0
17031806600,+42.0034176,-087.8730733,2823386,122767
17031806700,+42.0528083,-087.7228016,1770972,0
17031806801,+42.0563811,-087.7395379,2239485,0
17031806802,+42.0443774,-087.7397696,964594,0
17031806900,+42.0567650,-087.7557144,2740297,0
17031807000,+42.0444492,-087.7555400,1135578,0
17031807100,+42.0444535,-087.7210786,1528033,0
17031807200,+42.0371751,-087.7285103,2489125,0
17031807300,+42.0337614,-087.7549133,2037391,0
17031807400,+42.0281935,-087.7398439,1396762,0
17031807500,+42.0279578,-087.7281380,988887,0
17031807600,+42.0214424,-087.7224577,4413911,0
17031807700,+42.0207639,-087.7542195,1697095,0
17031807800,+42.0151569,-087.7637294,2547904,0
17031807900,+42.0041886,-087.7487798,2013730,0
17031808001,+42.0070209,-087.7354065,2202703,0
17031808002,+42.0050636,-087.7194386,2754904,0
17031808100,+42.0113034,-087.7900018,4896434,0
17031808200,+42.0264200,-087.7973221,2630428,0
17031808301,+42.0333408,-087.7851412,3827249,0
17031808302,+42.0322813,-087.7667893,1390532,0
17031808400,+42.0487380,-087.7938583,3153675,0
17031808500,+42.0472355,-087.7735988,2425583,0
17031808600,+42.0602335,-087.7856085,3812730,0
17031808702,+42.0582040,-087.6718922,940548,784592
17031808800,+42.0655221,-087.6819475,1932175,726768
17031808900,+42.0665152,-087.7174711,1433889,0
17031809000,+42.0597569,-087.7189140,1451001,0
17031809100,+42.0593520,-087.7043588,1251056,0
17031809200,+42.0525535,-087.6992705,1193253,0
17031809300,+42.0579521,-087.6864657,1017701,0
17031809401,+42.0447842,-087.6725221,669555,1649008
17031809402,+42.0490312,-087.6820289,340148,0
17031809500,+42.0464554,-087.6877279,706466,0
17031809600,+42.0447451,-087.6999044,1300138,0
17031809700,+42.0374659,-087.6999151,1323074,0
17031809800,+42.0375290,-087.6854990,597774,0
17031809900,+42.0376185,-087.6752631,765552,0
17031810000,+42.0247367,-087.6693055,1110117,1422820
17031810100,+42.0302060,-087.6846291,723779,0
17031810200,+42.0228223,-087.6833402,883828,0
17031810301,+42.0253099,-087.7016081,1726894,0
17031810302,+42.0294129,-087.6947173,781827,0
17031810400,+41.9875737,-087.8294387,2319249,0
17031810501,+41.9602807,-087.8259863,2272696,0
17031810502,+41.9595847,-087.8104592,1793871,0
17031810600,+41.9642246,-087.7961002,1534759,0
17031810701,+41.9309116,-087.8114750,629767,0
17031810702,+41.9252753,-087.8159951,686174,0
17031810800,+41.9322899,-087.8209674,989819,0
17031810900,+41.9165283,-087.8100724,1065680,0
17031811000,+41.9156680,-087.8197163,1571277,0
17031811100,+41.9270773,-087.8344152,3648948,0
17031811200,+41.9222261,-087.8453739,3427329,0
17031811301,+41.9159946,-087.8832944,2944975,0
17031811302,+41.9160827,-087.8595375,3997119,0
17031811401,+41.9335763,-087.8707053,1456660,0
17031811402,+41.9266487,-087.8748227,1618176,0
17031811500,+41.9413776,-087.8686704,2825236,0
17031811600,+41.9511884,-087.8722007,2931455,0
17031811701,+41.9421289,-087.9029937,7240185,0
17031811702,+41.9264468,-087.9046009,2722425,0
17031811800,+41.9141121,-087.9064379,3695327,0
17031811900,+41.9008459,-087.8189279,3572450,0
17031812000,+41.8875807,-087.8201224,2850054,4794
17031812100,+41.9025047,-087.7798547,1040870,0
17031812200,+41.9054055,-087.7946857,1482580,0
17031812301,+41.8891477,-087.7984589,603513,0
17031812302,+41.8967468,-087.8015407,677387,0
17031812400,+41.8957739,-087.7911158,1389047,0
17031812500,+41.8913783,-087.7806992,963641,0
17031812600,+41.8835487,-087.7796661,629191,0
17031812700,+41.8833934,-087.7894754,638933,0
17031812801,+41.8831878,-087.8024147,317375,0
17031812802,+41.8832890,-087.7971767,370744,0
17031812900,+41.8763226,-087.7953122,1117349,0
17031813000,+41.8763621,-087.7806602,833025,0
17031813100,+41.8690097,-087.7816188,992592,0
17031813200,+41.8690617,-087.7969689,1116204,0
17031813301,+41.8621602,-087.7544156,647921,0
17031813302,+41.8622744,-087.7446672,647220,0
17031813400,+41.8609814,-087.7666419,1110013,0
17031813500,+41.8581606,-087.7757697,824363,0
17031813600,+41.8540563,-087.7648564,701701,0
17031813701,+41.8548833,-087.7541951,667532,0
17031813702,+41.8551811,-087.7465073,374768,0
17031813801,+41.8503452,-087.7434594,841626,0
17031813802,+41.8479746,-087.7539886,584419,0
17031813900,+41.8465010,-087.7684910,686988,0
17031814000,+41.8453738,-087.7754192,624154,0
17031814100,+41.8422803,-087.7630429,1300127,0
17031814200,+41.8356494,-087.7456153,2449564,0
17031814300,+41.8342003,-087.7582502,907133,0
17031814400,+41.8276860,-087.7635474,1665055,0
17031814500,+41.8302073,-087.7745468,1157814,0
17031814600,+41.8616508,-087.7850665,825815,0
17031814700,+41.8614519,-087.7976272,863826,0
17031814800,+41.8494406,-087.7983382,1430917,0
17031814900,+41.8533777,-087.7897934,619046,0
17031815000,+41.8562543,-087.7830143,537626,0
17031815100,+41.8475102,-087.7855812,666562,0
17031815200,+41.8383064,-087.7840493,1448697,0
17031815300,+41.8393764,-087.7953526,780746,0
17031815400,+41.8313704,-087.7961910,1413266,0
17031815500,+41.8251471,-087.7877679,1525999,0
17031815600,+41.8449684,-087.8240397,3261830,0
17031815701,+41.8367113,-087.8110754,1882610,0
17031815702,+41.8283595,-087.8169399,3331292,26161
17031815800,+41.8315845,-087.8366826,1968461,17368
17031815900,+41.8832373,-087.8097247,662838,0
17031816000,+41.8763759,-087.8163473,1262897,0
17031816100,+41.8615597,-087.8183947,6119819,0
17031816200,+41.9036197,-087.8408290,1920445,0
17031816300,+41.9042501,-087.8577095,924162,0
17031816401,+41.8955765,-087.8603346,659144,0
17031816402,+41.8943837,-087.8509820,1029660,0
17031816500,+41.8962808,-087.8935603,3487184,0
17031816600,+41.9032163,-087.8808408,869761,0
17031816700,+41.9045705,-087.8963779,1131236,0
17031816800,+41.8914374,-087.9119067,4775447,0
17031816900,+41.8867815,-087.8906599,1470362,0
17031817000,+41.8873598,-087.8725068,2174630,0
17031817101,+41.8762488,-087.8780999,988837,0
17031817102,+41.8771915,-087.8657806,1542532,0
17031817200,+41.8830061,-087.8545258,1090907,0
17031817300,+41.8840812,-087.8478481,733391,0
17031817400,+41.8930003,-087.8382560,1094405,0
17031817500,+41.8802930,-087.8358233,1888113,0
17031817600,+41.8700996,-087.8384434,1034542,0
17031817700,+41.8717500,-087.8517415,1453765,0
17031817900,+41.8587760,-087.8449998,3308625,0
17031818000,+41.8543592,-087.8584391,3519138,0
17031818100,+41.8511914,-087.8737524,1333263,0
17031818200,+41.8635151,-087.8751418,2000861,0
17031818300,+41.8772724,-087.8987752,3173238,0
17031818401,+41.8614167,-087.9031250,6837664,0
17031818402,+41.8518960,-087.8918596,1274059,0
17031818500,+41.8407439,-087.8984346,5618667,0
17031818600,+41.8402410,-087.8654967,2478071,0
17031818700,+41.8335498,-087.8461152,1530847,0
17031818800,+41.8271222,-087.8544213,1821565,0
17031818900,+41.8275855,-087.8668626,1482926,0
17031819000,+41.8259449,-087.8950412,6276757,562
17031819100,+41.8158454,-087.8134835,2573890,96363
17031819200,+41.8118790,-087.8300332,2476227,0
17031819300,+41.8174473,-087.8501198,1030112,0
17031819400,+41.8100292,-087.8498739,1650522,0
17031819500,+41.8143023,-087.8672573,1467549,0
17031819600,+41.8051233,-087.8684177,1474314,0
17031819700,+41.8090439,-087.8808243,2426770,0
17031819801,+41.8121922,-087.8974038,2186479,0
17031819802,+41.7972017,-087.8949053,1736378,0
17031819900,+41.8041801,-087.9071573,2090712,0
17031820000,+41.8014106,-087.9139502,1731364,0
17031820101,+41.7761897,-087.9034274,6973465,48267
17031820103,+41.7899375,-087.8661978,3054881,0
17031820104,+41.7821533,-087.8771020,3277658,0
17031820202,+41.7778184,-087.8507159,21881464,882493
17031820203,+41.7344487,-087.9022772,6164579,5108
17031820204,+41.7594817,-087.8917122,7038973,0
17031820300,+41.7923913,-087.8068826,1388690,52580
17031820400,+41.7821747,-087.8125631,2526266,65423
17031820501,+41.7710690,-087.8141057,6654812,167538
17031820502,+41.7538582,-087.8048060,3645914,0
17031820603,+41.7530761,-087.8434104,2679935,124602
17031820604,+41.7498750,-087.8268790,2928756,0
17031820605,+41.7384267,-087.8309652,1603568,19248
17031820606,+41.7377492,-087.8542947,3483567,0
17031820700,+41.8170254,-087.7737005,4983928,94151
17031820800,+41.8072538,-087.7735919,5632378,404692
17031820901,+41.7628985,-087.7745229,11561425,0
17031820902,+41.7539907,-087.7530181,2267569,0
17031821001,+41.7421720,-087.7913613,1973793,0
17031821002,+41.7415272,-087.7764294,2216277,0
17031821101,+41.7382829,-087.7621853,1720124,0
17031821102,+41.7429218,-087.7492511,1968487,0
17031821200,+41.6683914,-087.6722979,2943051,0
17031821300,+41.6551198,-087.6674619,1752587,154299
17031821401,+41.6662102,-087.6578736,853996,0
17031821402,+41.6614309,-087.6520323,1676878,92477
17031821500,+41.6505617,-087.6360769,4197000,452975
17031821600,+41.7300221,-087.6993289,3553239,0
17031821700,+41.7211743,-087.7153549,1551015,0
17031821800,+41.7194986,-087.7004232,2147414,0
17031821900,+41.7122395,-087.6969816,1905035,0
17031822000,+41.7312484,-087.7311338,1240338,0
17031822101,+41.7241572,-087.7456175,1861189,0
17031822102,+41.7215520,-087.7315013,2243695,0
17031822200,+41.7272130,-087.7590953,1396248,0
17031822301,+41.7298543,-087.7712608,1449751,0
17031822302,+41.7171622,-087.7740754,1595918,0
17031822400,+41.7229415,-087.7884717,2388206,0
17031822500,+41.7178739,-087.7582831,1819234,0
17031822601,+41.7089633,-087.7538136,1792135,0
17031822602,+41.6991418,-087.7532159,2477646,0
17031822701,+41.7123761,-087.7303270,1078062,0
17031822702,+41.7056906,-087.7305797,1298804,0
17031822801,+41.6954003,-087.7382048,1150858,0
17031822802,+41.6975608,-087.7278727,1305003,0
17031822900,+41.7276936,-087.7947697,814250,0
17031823001,+41.7069648,-087.7841873,3644304,0
17031823002,+41.6960739,-087.7694862,2007865,0
17031823101,+41.6908498,-087.7928456,1633867,0
17031823102,+41.6857372,-087.7792908,3646338,32715
17031823200,+41.6772853,-087.7557003,7502426,150853
17031823302,+41.6607730,-087.7233375,5529558,82421
17031823303,+41.6777448,-087.7279109,2008920,0
17031823304,+41.6814296,-087.7027507,3553267,0
17031823400,+41.6651703,-087.6965048,5160342,0
17031823500,+41.6656032,-087.6831791,1112872,0
17031823602,+41.6496157,-087.7616774,4847240,72892
17031823603,+41.6499736,-087.7105022,2164913,330290
17031823604,+41.6578553,-087.7884282,3563789,0
17031823605,+41.6675277,-087.7753771,3287628,206528
17031823702,+41.7109982,-087.8320932,3898288,0
17031823703,+41.7188043,-087.8082530,5198056,0
17031823704,+41.7266564,-087.8391701,1949667,0
17031823705,+41.7244675,-087.8261928,1955334,0
17031823801,+41.6976101,-087.8774509,45140312,3751790
17031823803,+41.6988605,-087.8279478,5361944,14181
17031823805,+41.6873618,-087.8243549,1448305,0
17031823806,+41.6871426,-087.8044775,2911821,324
17031823901,+41.6690598,-087.8379801,10253446,354897
17031823903,+41.6612104,-087.8180974,5568054,123669
17031823904,+41.6578494,-087.8045131,3707968,29482
17031824003,+41.6635976,-087.9857304,3807660,0
17031824004,+41.6833746,-087.9477068,22708444,1212358
17031824005,+41.6625965,-088.0163038,10985774,297072
17031824006,+41.6523772,-087.9495062,15244813,179568
17031824105,+41.6378233,-087.8374922,4408747,0
17031824106,+41.6183582,-087.8230168,8553860,23928
17031824107,+41.6084180,-087.8133108,3813489,0
17031824113,+41.6223338,-087.8996399,7654662,81529
17031824114,+41.6192003,-087.8801208,6142969,115523
17031824115,+41.6238866,-087.8445146,2683154,42699
17031824116,+41.6109264,-087.8653784,8013252,1301442
17031824119,+41.5818623,-087.8994716,7671236,43640
17031824121,+41.5918128,-087.8275417,1739354,0
17031824122,+41.5799502,-087.8178544,3977048,0
17031824123,+41.5898448,-087.7989125,3917329,25455
17031824124,+41.5957287,-087.8451712,1977892,19721
17031824125,+41.5858756,-087.8380624,1892371,0
17031824126,+41.5674897,-087.8311612,3271427,0
17031824127,+41.5716260,-087.8452525,3070562,0
17031824128,+41.5711509,-087.8661922,8359737,25741
17031824129,+41.5896844,-087.8758128,7124001,62781
17031824300,+41.6413219,-087.6992646,4021382,0
17031824400,+41.6399603,-087.7262096,3129945,0
17031824503,+41.6367320,-087.7819886,12281024,148520
17031824505,+41.6080768,-087.7686415,2703601,0
17031824507,+41.5953290,-087.7732419,5142989,5374
17031824508,+41.6163142,-087.7914771,3618094,0
17031824509,+41.6187892,-087.7718060,2918699,0
17031824601,+41.6286651,-087.7449388,3409598,0
17031824602,+41.6174076,-087.7384991,3606731,0
17031824701,+41.6281716,-087.7186500,1734478,0
17031824702,+41.6219896,-087.7084844,2202632,0
17031824800,+41.6244575,-087.6852637,4626016,0
17031824900,+41.6095020,-087.6977125,5552383,0
17031825000,+41.6022645,-087.7394453,5848101,141500
17031825200,+41.5969147,-087.7301778,2367741,22317
17031825302,+41.5811669,-087.7574059,5837512,0
17031825303,+41.5816302,-087.7858574,1920870,0
17031825304,+41.5736085,-087.8039867,2336080,0
17031825400,+41.5652514,-087.7775704,7445020,27586
17031825501,+41.5784583,-087.7170864,6026987,0
17031825503,+41.5707194,-087.6820191,5084460,36159
17031825504,+41.5644165,-087.7040282,2617716,0
17031825505,+41.5635098,-087.7316996,5167886,35030
17031825600,+41.5930051,-087.6979153,6249823,0
17031825700,+41.6394802,-087.5449604,4804119,220107
17031825801,+41.6347618,-087.5729850,2445029,192553
17031825802,+41.6263798,-087.5600589,1497069,0
17031825803,+41.6192447,-087.5620408,1745675,0
17031825900,+41.6216960,-087.5423651,1612665,0
17031826000,+41.6239154,-087.5324077,1956133,0
17031826100,+41.6048226,-087.5355854,3530817,108623
17031826201,+41.6048907,-087.5642120,6036539,22050
17031826202,+41.5931658,-087.5363658,2168148,0
17031826301,+41.6152862,-087.6064900,2464187,0
17031826303,+41.6134138,-087.5914506,1557566,0
17031826304,+41.6180621,-087.5825095,1275306,0
17031826401,+41.6389607,-087.5930136,3000488,246111
17031826402,+41.6280651,-087.5900943,2023806,0
17031826500,+41.6319154,-087.6156118,3535058,57239
17031826600,+41.6363517,-087.6230152,1512445,0
17031826700,+41.6362111,-087.6335585,1114602,0
17031826800,+41.6373647,-087.6600155,7943308,0
17031826901,+41.6210473,-087.6644797,1310901,0
17031826902,+41.6148700,-087.6640081,704658,0
17031827000,+41.6263396,-087.6451102,1457365,0
17031827100,+41.6180623,-087.6463602,1611704,0
17031827200,+41.6118075,-087.6268201,3926634,0
17031827300,+41.6090306,-087.6462204,1631976,0
17031827400,+41.6053741,-087.6659521,2848416,0
17031827500,+41.5924803,-087.6384956,6868991,0
17031827600,+41.5920457,-087.6641411,2266185,0
17031827700,+41.5824275,-087.6657556,1368523,0
17031827801,+41.6012262,-087.6081612,2841668,0
17031827802,+41.6007043,-087.5904264,1835790,0
17031827804,+41.5896585,-087.5961218,1503428,13483
17031827805,+41.5826670,-087.6008070,2856661,26894
17031827901,+41.5872064,-087.5721404,4074312,0
17031827902,+41.5856200,-087.5451769,3888642,31792
17031828000,+41.5734205,-087.5417920,2534794,14604
17031828100,+41.5634411,-087.5356299,2355167,0
17031828201,+41.5700056,-087.5664455,3616170,17675
17031828202,+41.5610697,-087.5658530,2407554,0
17031828300,+41.5701733,-087.6117450,11684017,208984
17031828401,+41.5679857,-087.6651958,3788013,0
17031828402,+41.5696515,-087.6409799,3859035,95149
17031828503,+41.5027587,-087.5689506,9156091,98023
17031828504,+41.4811153,-087.5506588,10563109,18847
17031828505,+41.5444212,-087.5604695,12386601,95279
17031828507,+41.5304853,-087.5348993,4546835,0
17031828508,+41.5213439,-087.5437438,6849755,241622
17031828601,+41.5489586,-087.6608609,2918060,0
17031828602,+41.5448091,-087.6408488,2334847,14480
17031828701,+41.5431384,-087.6252653,6792132,0
17031828702,+41.5378384,-087.5990585,11026903,0
17031828801,+41.5342762,-087.6617452,4306537,0
17031828802,+41.5321711,-087.6427436,1629734,0
17031828900,+41.5161624,-087.6349520,3195418,0
17031829000,+41.5103261,-087.6234952,2307523,0
17031829100,+41.4966069,-087.6294933,2614281,0
17031829200,+41.5092569,-087.6483161,2638718,0
17031829301,+41.5183780,-087.6637780,3270160,0
17031829302,+41.5049432,-087.6662785,1921015,0
17031829401,+41.4969457,-087.6597613,1098510,0
17031829402,+41.4825496,-087.6626555,5431094,74374
17031829500,+41.4882411,-087.6356188,5131290,76032
17031829600,+41.4734290,-087.6330430,1605835,0
17031829700,+41.4937314,-087.5987123,18453110,10136
17031829800,+41.5425866,-087.6843362,5215377,0
17031829902,+41.5395133,-087.7276252,12826597,201193
17031829903,+41.5499963,-087.7228061,2521019,0
17031829904,+41.5496776,-087.7612104,11162011,43099
17031830001,+41.4924088,-087.7697665,2643886,45221
17031830003,+41.5137031,-087.7705236,10671544,0
17031830004,+41.5153161,-087.7286213,8423144,24132
17031830005,+41.5219964,-087.6916481,7007313,9275
17031830006,+41.5004956,-087.7262566,5771655,38765
17031830007,+41.4816120,-087.7228759,3813487,0
17031830008,+41.4793012,-087.7651372,11832553,31490
17031830100,+41.5023717,-087.6877677,1597026,0
17031830201,+41.4834318,-087.7086238,2900376,0
17031830202,+41.4919970,-087.6925217,3150250,25898
17031830300,+41.4838564,-087.6810647,2291775,0
17031830400,+41.4749198,-087.6918353,2404856,0
17031830500,+41.8291246,-087.7193199,3827807,285801
17031830600,+42.0016980,-087.6735738,661394,0
17031830700,+41.9583035,-087.6607646,861986,7945
17031830800,+41.9651413,-087.6765775,336529,0
17031830900,+41.9284245,-087.6849065,990467,47216
17031831000,+41.9147981,-087.6769966,281248,0
17031831100,+41.9428559,-087.7174955,1315159,0
17031831200,+41.9153214,-087.7322600,574052,0
17031831300,+41.9077662,-087.7442596,576183,0
17031831400,+41.8691188,-087.7560884,2104282,0
17031831500,+41.9275950,-087.7880067,962686,0
17031831600,+41.9256105,-087.7976148,1488846,0
17031831700,+41.9526537,-087.7452546,532500,0
17031831800,+41.9782238,-087.7164874,1910736,0
17031831900,+41.9451690,-087.6687907,324320,0
17031832000,+41.9462941,-087.6542982,167585,0
17031832100,+41.9528215,-087.6532414,222094,0
17031832200,+41.9204799,-087.6799746,399536,0
17031832300,+41.9198264,-087.6727807,803547,37059
17031832400,+41.9157411,-087.6922565,323051,0
17031832500,+41.9222304,-087.6647962,742894,38645
17031832600,+41.9147541,-087.6544654,689068,32563
17031832900,+41.8741751,-087.6619349,404584,0
17031833000,+41.8852863,-087.6572488,1312134,0
17031833100,+41.8790778,-087.6570459,922812,0
17031833300,+41.8716945,-087.6541237,477330,0
17031833900,+41.7310321,-087.5474226,677853,24124
17031834000,+41.7273938,-087.6294320,967433,0
17031834200,+41.7555676,-087.5836069,975440,0
17031834300,+41.7458348,-087.5917880,1911637,0
17031834400,+41.7769504,-087.5963030,586494,0
17031834500,+41.7860320,-087.6253618,464133,0
17031834600,+41.7872463,-087.6343057,1562221,0
17031834700,+41.7906903,-087.6450334,657991,0
17031834800,+41.7836336,-087.6450883,599866,0
17031834900,+41.7722986,-087.6567361,653144,0
17031835000,+41.7828495,-087.6860492,1004079,0
17031835100,+41.7901579,-087.6862479,1003979,0
17031835200,+41.7966437,-087.7452866,988538,0
17031835500,+41.8163540,-087.6325395,914014,0
17031835600,+41.8018345,-087.6322016,917505,0
17031835800,+41.8130462,-087.6187192,284425,0
17031836000,+41.8140036,-087.6116844,505740,0
17031836100,+41.7998052,-087.6186826,860471,0
17031836200,+41.7904693,-087.6012849,813762,0
17031836300,+41.8015324,-087.6017585,137523,0
17031836400,+41.8190118,-087.5951761,799114,867001
17031836500,+41.8259463,-087.5994560,468075,469611
17031836600,+41.8986973,-087.7088059,634181,0
17031836700,+41.8917041,-087.7021747,1227830,0
17031836800,+41.8850903,-087.7149666,801875,14139
17031836900,+41.8818831,-087.7061362,164712,0
17031837000,+41.8783233,-087.6986739,412544,0
17031837100,+41.8856736,-087.6987204,745370,0
17031837300,+41.8716191,-087.7055524,368498,0
17031837400,+41.8759745,-087.6938013,591450,0
17031837800,+41.8847504,-087.6841272,1005364,0
17031838000,+41.8773666,-087.6806521,538297,0
17031838100,+41.8786700,-087.6716928,820068,0
17031838200,+41.8704149,-087.6751260,1151290,0
17031838300,+41.9015665,-087.6384039,348132,0
17031838600,+41.8678233,-087.7008236,246251,0
17031838700,+41.8625775,-087.7201851,658085,0
17031838800,+41.6834042,-087.5740611,17863256,3802983
17031839000,+41.8710517,-087.6312983,485902,30871
17031839100,+41.8809857,-087.6330703,1101771,84111
17031839200,+41.8420108,-087.6220362,650846,0
17031839500,+41.8340975,-087.6192919,262139,0
17031839600,+41.8274428,-087.6192486,327053,0
17031839700,+41.8336508,-087.6519488,618387,13451
17031839800,+41.8350674,-087.6431623,266175,0
17031839900,+41.8273459,-087.6484540,1153324,13899
17031840000,+41.8314369,-087.6384053,569394,0
17031840100,+41.8418308,-087.6392030,332956,0
17031840200,+41.8446476,-087.6492096,826355,36519
17031840300,+41.8320970,-087.6818813,831049,0
17031840400,+41.8339264,-087.6671616,977537,22800
17031840700,+41.8529302,-087.6942666,541526,0
17031840800,+41.8408329,-087.7073710,328679,0
17031841000,+41.8475444,-087.6101983,1054201,296569
17031841100,+41.8516438,-087.6356612,1117345,28895
17031841200,+41.8555618,-087.6833420,625407,0
17031841300,+41.8439774,-087.6842025,1345364,68765
17031841500,+41.8616224,-087.7079132,432305,0
17031841700,+41.8531302,-087.7041819,266794,0
17031841800,+41.7663063,-087.5994203,1643374,0
17031841900,+41.8684578,-087.6429648,2496100,68430
17031842000,+41.8349600,-087.6251702,590013,0
17031842100,+41.8952785,-087.7336103,2034641,0
17031842200,+41.9047279,-087.6492199,1407941,136789
17031842300,+41.9097236,-087.6606398,1741942,135729
17031842400,+41.7424258,-087.6300706,1985975,0
17031842500,+41.7769506,-087.6232157,1075294,0
17031842600,+41.8162186,-087.6516951,3679417,0
17031842800,+41.8075339,-087.6983044,1516562,0
17031842900,+41.8631389,-087.6729371,2208391,0
17031843000,+41.8679365,-087.7227489,1065861,0
17031843100,+41.8626017,-087.6994529,980297,32379
17031843200,+41.8487153,-087.6642169,2788963,305033
17031843300,+41.8637638,-087.6925503,584251,0
17031843400,+41.8493274,-087.7320218,656213,0
17031843500,+41.8409834,-087.6975661,1890168,143193
17031843600,+41.8067653,-087.6089488,410895,0
17031843700,+41.9455604,-087.6900340,1204810,62134
17031843800,+41.8016566,-087.6404756,1309516,0
17031843900,+41.7789932,-087.5761303,1478136,729136
17031844600,+41.8133852,-087.6254437,434671,0
17031844700,+41.8541473,-087.7117002,401852,0
17031980000,+41.9794191,-087.9024376,19890204,92402
17031980100,+41.7859813,-087.7509001,2981781,0
17031990000,+41.9739391,-087.4002947,0,1717072182
