geoid,centroid_lat,centroid_lon
17031030101,41.991239,-87.657331
17031030701,41.982746,-87.657968
17031070103,41.926812,-87.642607
17031770602,42.005195,-87.90179
17031841200,41.855562,-87.683342
17031831900,41.945169,-87.668791
17031832600,41.914749,-87.654055
17031836900,41.881883,-87.706136
17031842300,41.902404,-87.656169
17031839500,41.834098,-87.619292
17031835800,41.813047,-87.61872
17031838800,41.683489,-87.572306
17031843400,41.849327,-87.732022
17031842600,41.816219,-87.651695
17031841900,41.867894,-87.642968
17031843200,41.84747,-87.663502
17031301803,41.83955,-87.727871
17031320101,41.88493,-87.617015
17031330103,41.85648,-87.623418
17031380600,41.820151,-87.622935
17031330102,41.863572,-87.623989
17031330101,41.859306,-87.612471
17031460800,41.7356,-87.553184
17031630600,41.801209,-87.688853
17031490200,41.72491,-87.616874
17031612200,41.804876,-87.652719
17031844700,41.854147,-87.711699
17031844600,41.813386,-87.625445
17031320102,41.885039,-87.624056
17031730202,41.72643,-87.648542
17031220701,41.926156,-87.721566
17031063302,41.934765,-87.639855
17031252201,41.876696,-87.752105
17031660302,41.783596,-87.698393
17031660301,41.779954,-87.698287
17031835600,41.801835,-87.632202
17031840000,41.831437,-87.638406
17031836400,41.821175,-87.595832
17031836100,41.799805,-87.618682
17031834600,41.787247,-87.634306
17031843600,41.806766,-87.608949
17031061902,41.943965,-87.638924
17031030102,41.993447,-87.657554
17031030103,41.995382,-87.657458
17031030706,41.979945,-87.652823
17031030601,41.988739,-87.657229
17031081202,41.902088,-87.624166
17031063303,41.934731,-87.634662
17031836000,41.814004,-87.611684
17031220901,41.919182,-87.721249
17031210602,41.934163,-87.712571
17031220602,41.929396,-87.712086
17031220601,41.925825,-87.712884
17031040401,41.972066,-87.686081
17031252202,41.876759,-87.744584
17031252102,41.876599,-87.759828
17031836300,41.801533,-87.601759
17031834500,41.788083,-87.624737
17031836200,41.790469,-87.601285
17031010501,42.009411,-87.663957
17031020701,41.986891,-87.703689
17031833900,41.731877,-87.547853
17031834400,41.77695,-87.596303
17031834300,41.745835,-87.591788
17031070101,41.929278,-87.63592
17031110501,41.977002,-87.761925
17031030104,41.997149,-87.657588
17031081401,41.895035,-87.619718
17031430102,41.76863,-87.565692
17031770902,41.97006,-87.83618
17031430101,41.769853,-87.573953
17031252101,41.875503,-87.769585
17031010201,42.016008,-87.680149
17031760801,41.983487,-87.84485
17031839000,41.871044,-87.631401
17031440201,41.748209,-87.610073
17031540101,41.65022,-87.599792
17031834000,41.727394,-87.629432
17031711100,41.739501,-87.6583
17031711200,41.740556,-87.669825
17031711500,41.73244,-87.638689
17031270500,41.87624,-87.717793
17031680900,41.77643,-87.63763
17031221000,41.920959,-87.715249
17031221100,41.921021,-87.710362
17031242800,41.892632,-87.690324
17031242900,41.892195,-87.684288
17031243000,41.892276,-87.679399
17031243100,41.892355,-87.674508
17031243200,41.892432,-87.669623
17031243300,41.892478,-87.664738
17031243400,41.892566,-87.659854
17031071400,41.922165,-87.634049
17031110400,41.972954,-87.772611
17031150600,41.949473,-87.771758
17031150700,41.949592,-87.761958
17031150800,41.949709,-87.752118
17031151100,41.94229,-87.761718
17031151200,41.942169,-87.771495
17031241500,41.908373,-87.670929
17031241100,41.90664,-87.68958
17031241600,41.90671,-87.665329
17031241300,41.906771,-87.681025
17031241400,41.906031,-87.675314
17031243500,41.89265,-87.652523
17031250200,41.912351,-87.751073
17031250300,41.912848,-87.760852
17031250400,41.912905,-87.775406
17031250500,41.914618,-87.796796
17031071500,41.914585,-87.631637
17031071800,41.914585,-87.645966
17031080100,41.907549,-87.62679
17031080300,41.90749,-87.635799
17031080400,41.907412,-87.640902
17031160100,41.964628,-87.742796
17031160200,41.958793,-87.738399
17031160300,41.957268,-87.730895
17031160400,41.957366,-87.722824
17031160700,41.950409,-87.702014
17031221300,41.921126,-87.699754
17031221500,41.921647,-87.689952
17031221400,41.920801,-87.694532
17031250600,41.905693,-87.77063
17031250700,41.905821,-87.760813
17031250800,41.906186,-87.751474
17031251000,41.898694,-87.744892
17031251100,41.898625,-87.752011
17031051400,41.935749,-87.680989
17031060100,41.957531,-87.666612
17031060300,41.950605,-87.671333
17031060800,41.95341,-87.646056
17031160800,41.950213,-87.712815
17031160900,41.950082,-87.722608
17031161000,41.949977,-87.730683
17031161100,41.94988,-87.738155
17031161200,41.942549,-87.73857
17031161300,41.942699,-87.731002
17031170100,41.95586,-87.794817
17031221600,41.921248,-87.685098
17031242100,41.89967,-87.669838
17031242000,41.899737,-87.664954
17031251200,41.898549,-87.760604
17031251300,41.898425,-87.770385
17031051300,41.935997,-87.67584
17031600700,41.840832,-87.660746
17031600900,41.836513,-87.653143
17031672000,41.761198,-87.671128
17031710900,41.742146,-87.63969
17031711000,41.739643,-87.648581
17031711300,41.733504,-87.667285
17031711400,41.733661,-87.652117
17031271200,41.87736,-87.703562
17031271300,41.877304,-87.708452
17031271400,41.877243,-87.713332
17031350100,41.841749,-87.608421
17031350400,41.841929,-87.62837
17031351000,41.834782,-87.605979
17031351400,41.827402,-87.624091
17031360200,41.826886,-87.609888
17031430400,41.762196,-87.590309
17031430600,41.764414,-87.571374
17031430800,41.76075,-87.571298
17031430500,41.764314,-87.58127
17031430900,41.760641,-87.581186
17031610300,41.816178,-87.675102
17031681000,41.77604,-87.649549
17031681100,41.768767,-87.64936
17031680500,41.790564,-87.652351
17031720100,41.727616,-87.674735
17031720200,41.713042,-87.666055
17031720300,41.71392,-87.677145
17031720400,41.709992,-87.686668
17031720500,41.702835,-87.689101
17031720600,41.702776,-87.677206
17031720700,41.703107,-87.665139
17031040600,41.966834,-87.684019
17031040700,41.966808,-87.694078
17031040800,41.963157,-87.692287
17031380100,41.820202,-87.610098
17031380200,41.820573,-87.614985
17031431200,41.755301,-87.571184
17031431400,41.758024,-87.552343
17031050100,41.957845,-87.676373
17031610800,41.812711,-87.638403
17031611300,41.804936,-87.667303
17031611400,41.804893,-87.672167
17031611500,41.805382,-87.678732
17031611900,41.797743,-87.659823
17031681200,41.769189,-87.638497
17031810400,41.981529,-87.829741
17031810600,41.964225,-87.7961
17031381200,41.808511,-87.613999
17031381400,41.80762,-87.62143
17031283100,41.869274,-87.664093
17031283800,41.863417,-87.653755
17031691200,41.754439,-87.63218
17031691100,41.761713,-87.629872
17031730100,41.725195,-87.638425
17031730300,41.72747,-87.664569
17031730400,41.71784,-87.652648
17031730500,41.714266,-87.638138
17031730600,41.7106,-87.650486
17031381700,41.80555,-87.627447
17031440300,41.743722,-87.619543
17031612000,41.797847,-87.652537
17031612100,41.797912,-87.64768
17031620100,41.798018,-87.718026
17031620200,41.795521,-87.729234
17031620300,41.789502,-87.730444
17031620400,41.789638,-87.718168
17031810501,41.960281,-87.825986
17031810502,41.959585,-87.810459
17031730700,41.703082,-87.650079
17031740100,41.697286,-87.698608
17031740200,41.704702,-87.712706
17031740300,41.69507,-87.710724
17031740400,41.687239,-87.719316
17031381800,41.803849,-87.621199
17031381900,41.803954,-87.613886
17031390100,41.813844,-87.590631
17031390200,41.813041,-87.599476
17031390300,41.813201,-87.604209
17031390400,41.805924,-87.604058
17031390500,41.805978,-87.599199
17031390600,41.806018,-87.59435
17031390700,41.805902,-87.587476
17031440600,41.732672,-87.619138
17031440900,41.728669,-87.609006
17031440700,41.734752,-87.60963
17031440800,41.731711,-87.603327
17031630300,41.798862,-87.708638
17031630500,41.797428,-87.689017
17031630800,41.789965,-87.698572
17031630900,41.789812,-87.708366
17031640100,41.78192,-87.739861
17031640300,41.781532,-87.771635
17031750100,41.695834,-87.652028
17031750200,41.695664,-87.671424
17031750300,41.695391,-87.686172
17031750400,41.685657,-87.685072
17031750500,41.684616,-87.671234
17031282700,41.871367,-87.688681
17031282800,41.870271,-87.684919
17031400300,41.793104,-87.613183
17031400500,41.791041,-87.623178
17031400800,41.782864,-87.620559
17031410100,41.80127,-87.585628
17031410500,41.797831,-87.603742
17031410600,41.797969,-87.598942
17031460100,41.746147,-87.535729
17031450300,41.741944,-87.579089
17031460200,41.741387,-87.54701
17031640400,41.781178,-87.791247
17031640500,41.775682,-87.790988
17031640600,41.776036,-87.771429
17031640700,41.776411,-87.751935
17031640800,41.774825,-87.739743
17031650100,41.782376,-87.717855
17031650200,41.782222,-87.730226
17031750600,41.688631,-87.65205
17031410700,41.798049,-87.594198
17031410800,41.797961,-87.589625
17031410900,41.7972,-87.582356
17031411000,41.79051,-87.583139
17031411100,41.790456,-87.589702
17031411200,41.790561,-87.594016
17031460400,41.744491,-87.563692
17031460500,41.746882,-87.572605
17031461000,41.727425,-87.546485
17031561000,41.788502,-87.791503
17031100200,41.995774,-87.794259
17031020200,42.01569,-87.699519
17031420100,41.783018,-87.582551
17031420200,41.783468,-87.59352
17031420400,41.783169,-87.603557
17031420700,41.776691,-87.610693
17031420800,41.77691,-87.603258
17031470100,41.728221,-87.596489
17031480100,41.735241,-87.575729
17031480200,41.735124,-87.589883
17031480300,41.729194,-87.587972
17031480400,41.72845,-87.575639
17031650400,41.765312,-87.717165
17031650500,41.762219,-87.732035
17031660400,41.782532,-87.708044
17031290900,41.86241,-87.732457
17031291200,41.862662,-87.712876
17031421200,41.770662,-87.608947
17031271500,41.871786,-87.713156
17031292200,41.856667,-87.715731
17031292400,41.85524,-87.722399
17031292500,41.855161,-87.732243
17031271800,41.871497,-87.698491
17031280100,41.885396,-87.642879
17031280400,41.886009,-87.671885
17031300600,41.847991,-87.717335
17031300700,41.848072,-87.71245
17031301100,41.847028,-87.697972
17031301200,41.848417,-87.691477
17031480500,41.7276,-87.559091
17031490500,41.717931,-87.613196
17031520200,41.713816,-87.53981
17031520300,41.701114,-87.539563
17031520400,41.703008,-87.530703
17031520500,41.693116,-87.530872
17031520600,41.68952,-87.5404
17031660500,41.775246,-87.707927
17031660600,41.777287,-87.69334
17031660700,41.773845,-87.681095
17031660800,41.773642,-87.693267
17031660900,41.768104,-87.697998
17031661000,41.761818,-87.685046
17031280900,41.878628,-87.685137
17031301600,41.840757,-87.712251
17031490600,41.717974,-87.628331
17031490700,41.710734,-87.628361
17031490800,41.71069,-87.615347
17031491000,41.699763,-87.628053
17031491100,41.699753,-87.6377
17031530200,41.681561,-87.632395
17031530300,41.681314,-87.651752
17031530400,41.674039,-87.651526
17031530600,41.670391,-87.618996
17031560100,41.815338,-87.741273
17031670200,41.790425,-87.662062
17031670300,41.790358,-87.666917
17031670400,41.7903,-87.67177
17031661100,41.760786,-87.702664
17031670100,41.790494,-87.657209
17031670600,41.783005,-87.671576
17031670700,41.783068,-87.666731
17031670800,41.783145,-87.66188
17031670900,41.783212,-87.657022
17031260900,41.871029,-87.722813
17031261000,41.871338,-87.732009
17031281900,41.879247,-87.642619
17031310200,41.85631,-87.644209
17031310300,41.856144,-87.648978
17031310400,41.856506,-87.65226
17031310500,41.855248,-87.65474
17031491200,41.688776,-87.637438
17031491300,41.688897,-87.627804
17031491400,41.689123,-87.616821
17031500100,41.714684,-87.595029
17031500200,41.700856,-87.600309
17031500300,41.689315,-87.60537
17031560200,41.811331,-87.747827
17031560300,41.803908,-87.747987
17031560700,41.796463,-87.757521
17031560800,41.796206,-87.772166
17031560900,41.79577,-87.791651
17031010300,42.015944,-87.66654
17031010400,42.004911,-87.659155
17031010600,42.006277,-87.667682
17031020100,42.015721,-87.687117
17031280800,41.878596,-87.6889
17031420300,41.783224,-87.598698
17031130200,41.98085,-87.736066
17031240200,41.912441,-87.670181
17031611800,41.797647,-87.667113
17031030300,41.994388,-87.672535
17031030400,41.986951,-87.672078
17031020400,42.008488,-87.685912
17031080202,41.905858,-87.6309
17031060200,41.957903,-87.671517
17031221200,41.921083,-87.70465
17031061200,41.949059,-87.661642
17031030200,41.994441,-87.66523
17031030900,41.979795,-87.671446
17031031000,41.972437,-87.671109
17031980000,41.979956,-87.903824
17031600600,41.842385,-87.655581
17031420600,41.783013,-87.613277
17031110100,41.987476,-87.769674
17031031400,41.962378,-87.643601
17031040900,41.963184,-87.683854
17031050200,41.95774,-87.683717
17031050300,41.957678,-87.691519
17031031700,41.965447,-87.663196
17031610400,41.810399,-87.66745
17031050600,41.950548,-87.676182
17031071700,41.912866,-87.64107
17031031800,41.967011,-87.670621
17031050500,41.950448,-87.683508
17031071600,41.916472,-87.641182
17031671400,41.773793,-87.67623
17031062300,41.941627,-87.661442
17031630400,41.797255,-87.698781
17031010100,42.021255,-87.669831
17031680600,41.78328,-87.652164
17031030500,41.987226,-87.664936
17031171100,41.942053,-87.781287
17031180100,41.934485,-87.798632
17031251900,41.883811,-87.760094
17031020500,42.001313,-87.684198
17031081300,41.898335,-87.620753
17031081000,41.900265,-87.632108
17031130100,41.991104,-87.720808
17031170200,41.949353,-87.781519
17031170300,41.949124,-87.796827
17031170400,41.948908,-87.812711
17031170500,41.950078,-87.828896
17031170600,41.941294,-87.830702
17031170700,41.941486,-87.822163
17031170800,41.941576,-87.812371
17031251400,41.890957,-87.770124
17031260300,41.884277,-87.733138
17031260500,41.876663,-87.737727
17031260600,41.877108,-87.732867
17031260700,41.877056,-87.727995
17031260800,41.877085,-87.723097
17031050700,41.945071,-87.67606
17031050900,41.944946,-87.685777
17031051000,41.941302,-87.685731
17031051100,41.941365,-87.680827
17031051200,41.941422,-87.675953
17031170900,41.936196,-87.811606
17031171000,41.941807,-87.796524
17031190100,41.935217,-87.744388
17031222200,41.915909,-87.683825
17031222500,41.915682,-87.699587
17031222600,41.915638,-87.704479
17031251500,41.891104,-87.760354
17031251600,41.891407,-87.751804
17031251700,41.891384,-87.744479
17031251800,41.884144,-87.747888
17031252000,41.883676,-87.76988
17031130300,41.986559,-87.713392
17031530100,41.681853,-87.61794
17031190200,41.935114,-87.751649
17031190300,41.934986,-87.761463
17031190800,41.927819,-87.751362
17031260100,41.884371,-87.723331
17031260200,41.884324,-87.72823
17031061800,41.94649,-87.647115
17031410200,41.801672,-87.594268
17031222900,41.915565,-87.720075
17031241000,41.907969,-87.694534
17031230300,41.911786,-87.714987
17031190900,41.927923,-87.744105
17031191200,41.920143,-87.760827
17031200100,41.935055,-87.737623
17031200200,41.927853,-87.735629
17031200300,41.923481,-87.734128
17031222700,41.915502,-87.710207
17031230100,41.912007,-87.704364
17031230200,41.911869,-87.710085
17031230400,41.91182,-87.721552
17031230500,41.911689,-87.733943
17031351100,41.827754,-87.61419
17031081900,41.89799,-87.641487
17031770500,42.005742,-87.927023
17031611700,41.797599,-87.671976
17031300500,41.847425,-87.72194
17031381500,41.810192,-87.62286
17031420500,41.7831,-87.608426
17031081500,41.892555,-87.626226
17031081600,41.892107,-87.628876
17031081700,41.892066,-87.631867
17031081800,41.893269,-87.637801
17031222800,41.915434,-87.715094
17031050800,41.945011,-87.680931
17031210100,41.942869,-87.701332
17031210400,41.935745,-87.730306
17031230700,41.906323,-87.72154
17031230800,41.905839,-87.714952
17031230900,41.906692,-87.710351
17031550200,41.653383,-87.564031
17031823304,41.691719,-87.693436
17031670500,41.786578,-87.676404
17031580800,41.810219,-87.686643
17031300800,41.848111,-87.707582
17031191100,41.919629,-87.750976
17031230600,41.906155,-87.733999
17031242300,41.899507,-87.6796
17031242200,41.899589,-87.674719
17031032100,41.958154,-87.653017
17031060900,41.949823,-87.644026
17031061000,41.94922,-87.65197
17031210700,41.935703,-87.703839
17031291600,41.857642,-87.692217
17031400400,41.791126,-87.618321
17031120100,42.001982,-87.775007
17031062000,41.942577,-87.647079
17031611200,41.804994,-87.662442
17031300900,41.84818,-87.702699
17031061100,41.949141,-87.656805
17031061500,41.945282,-87.661545
17031062100,41.942691,-87.65177
17031062200,41.942585,-87.656644
17031090200,42.005594,-87.813096
17031090100,42.015256,-87.813588
17031260400,41.884214,-87.73804
17031351500,41.827239,-87.627727
17031770800,41.958329,-87.881947
17031081100,41.900223,-87.629108
17031210800,41.935746,-87.698933
17031210900,41.935439,-87.693337
17031241200,41.906707,-87.684685
17031031200,41.972709,-87.657341
17031063000,41.936311,-87.651563
17031062500,41.941487,-87.671106
17031062600,41.935975,-87.670984
17031062700,41.936086,-87.666109
17031062800,41.936159,-87.661266
17031062900,41.936237,-87.656411
17031062400,41.941556,-87.66629
17031090300,41.999112,-87.816364
17031063100,41.938232,-87.646781
17031063200,41.938702,-87.638389
17031063400,41.93466,-87.646731
17031242700,41.897425,-87.699374
17031070400,41.928966,-87.656155
17031100100,41.989584,-87.783013
17031100300,41.988733,-87.80426
17031140100,41.971084,-87.705794
17031140200,41.970695,-87.713004
17031140400,41.971537,-87.738943
17031140500,41.965362,-87.731832
17031070200,41.929077,-87.646292
17031070300,41.929047,-87.651311
17031070500,41.928945,-87.660892
17031070700,41.929263,-87.673803
17031070600,41.928763,-87.665676
17031100400,41.988969,-87.818042
17031100600,41.979205,-87.797401
17031100700,41.972123,-87.79763
17031110200,41.98007,-87.773444
17031150200,41.960675,-87.752413
17031150300,41.960518,-87.762287
17031140800,41.964495,-87.702765
17031231200,41.899062,-87.721316
17031231100,41.899254,-87.715068
17031242400,41.899422,-87.684489
17031242500,41.899446,-87.68932
17031671600,41.7695,-87.661512
17031120200,41.994532,-87.757611
17031120300,41.991112,-87.740066
17031120400,41.977236,-87.752163
17031231500,41.891736,-87.718652
17031071100,41.921778,-87.651061
17031071000,41.921701,-87.655911
17031071200,41.921855,-87.646211
17031071300,41.92178,-87.641459
17031110300,41.975291,-87.783235
17031220300,41.928465,-87.695086
17031220400,41.928432,-87.699968
17031220500,41.928334,-87.704988
17031240300,41.91237,-87.675068
17031240500,41.911969,-87.683628
17031060400,41.950673,-87.666536
17031060500,41.95272,-87.660501
17031240800,41.912048,-87.699487
17031240600,41.912134,-87.68971
17031240700,41.912088,-87.694599
17031240900,41.904716,-87.701886
17031242600,41.90056,-87.694198
17031310600,41.856333,-87.659564
17031310700,41.85599,-87.664905
17031310800,41.855933,-87.668573
17031020602,42.001316,-87.693637
17031310900,41.855772,-87.674675
17031510100,41.713103,-87.54989
17031510200,41.714265,-87.56005
17031561100,41.78887,-87.77191
17031190701,41.929796,-87.761421
17031020901,41.994227,-87.686078
17031010202,42.016047,-87.673325
17031570100,41.816201,-87.718913
17031570200,41.81438,-87.730718
17031570300,41.804145,-87.730791
17031570400,41.804992,-87.71913
17031570500,41.798601,-87.732455
17031690400,41.769259,-87.620203
17031691300,41.754681,-87.619847
17031691400,41.754846,-87.610169
17031691500,41.755053,-87.600266
17031320400,41.877706,-87.617362
17031580100,41.828055,-87.690747
17031580200,41.826772,-87.699347
17031580300,41.825187,-87.708934
17031580400,41.815276,-87.709185
17031580600,41.817398,-87.692032
17031580700,41.817494,-87.686846
17031681300,41.761181,-87.639843
17031681400,41.761522,-87.64917
17031690300,41.768669,-87.629009
17031690500,41.76818,-87.612104
17031690900,41.762143,-87.610345
17031691000,41.761965,-87.620015
17031700100,41.753593,-87.695309
17031700200,41.752989,-87.723784
17031320600,41.870648,-87.62216
17031330200,41.861346,-87.630532
17031590500,41.826664,-87.679905
17031590600,41.826833,-87.672924
17031671200,41.7767,-87.666583
17031671100,41.776777,-87.661715
17031671300,41.773902,-87.671349
17031671500,41.768172,-87.669631
17031671800,41.761401,-87.656448
17031671900,41.761326,-87.66128
17031710100,41.753392,-87.641971
17031710200,41.755113,-87.651425
17031710400,41.753918,-87.670932
17031710500,41.747532,-87.670788
17031710600,41.74766,-87.660944
17031710800,41.747837,-87.648813
17031340300,41.842804,-87.635787
17031430300,41.769717,-87.589361
17031340500,41.834518,-87.632917
17031340600,41.827286,-87.632651
17031430200,41.769761,-87.581351
17031510300,41.715738,-87.574977
17031520100,41.720299,-87.530486
17031590700,41.826807,-87.663764
17031600400,41.841719,-87.643933
17031830600,42.001698,-87.673575
17031830800,41.965142,-87.676579
17031830700,41.96098,-87.659166
17031830900,41.92863,-87.685373
17031835200,41.796644,-87.745287
17031839900,41.827107,-87.648605
17031839700,41.833095,-87.652181
17031839800,41.835067,-87.643162
17031834800,41.783634,-87.645089
17031834700,41.79069,-87.645034
17031832000,41.946293,-87.654296
17031832500,41.921884,-87.664117
17031832300,41.91921,-87.671448
17031838300,41.901566,-87.638404
17031831800,41.978224,-87.716487
17031831700,41.952654,-87.745254
17031835100,41.790158,-87.686247
17031835000,41.78285,-87.68605
17031843700,41.944849,-87.690802
17031220702,41.929369,-87.724231
17031842100,41.895279,-87.73361
17031843300,41.863764,-87.69255
17031843000,41.867936,-87.722749
17031836500,41.828273,-87.600614
17031843900,41.776194,-87.57959
17031490901,41.696058,-87.616268
17031831100,41.942856,-87.717495
17031831500,41.927596,-87.788007
17031831600,41.925611,-87.797615
17031831200,41.915321,-87.73226
17031831000,41.914798,-87.676996
17031843100,41.86075,-87.700712
17031842900,41.863139,-87.672937
17031843500,41.838217,-87.696754
17031842000,41.83496,-87.62517
17031770901,41.970556,-87.81686
17031832400,41.915742,-87.692259
17031832900,41.874175,-87.661935
17031840300,41.832097,-87.681881
17031838600,41.867824,-87.700824
17031839600,41.827443,-87.619249
17031834900,41.772299,-87.656736
17031030603,41.985475,-87.658396
17031832200,41.92048,-87.679974
17031836700,41.891704,-87.702174
17031836800,41.885045,-87.713863
17031836600,41.898697,-87.708806
17031833000,41.885286,-87.657249
17031842500,41.776951,-87.623216
17031841800,41.766306,-87.59942
17031980100,41.785981,-87.7509
17031842800,41.807534,-87.698304
17031843800,41.801657,-87.640476
17031841000,41.848445,-87.617393
17031834200,41.755567,-87.583607
17031842200,41.904878,-87.649792
17031838000,41.877366,-87.680652
17031010702,42.00902,-87.672725
17031010503,42.000321,-87.663127
17031010502,42.004517,-87.663326
17031010701,42.009148,-87.678621
17031020902,41.994258,-87.678684
17031020302,42.008541,-87.694963
17031020601,42.000874,-87.701802
17031020301,42.006866,-87.705187
17031760803,41.975341,-87.844136
17031530501,41.674278,-87.632166
17031530503,41.663565,-87.637514
17031650301,41.774927,-87.729992
17031650302,41.775093,-87.717733
17031530502,41.664805,-87.626674
17031831300,41.907766,-87.74426
17031831400,41.869119,-87.756088
17031837000,41.878323,-87.698674
17031842400,41.742426,-87.630071
17031832100,41.952822,-87.653242
17031020802,41.994059,-87.694631
17031020702,41.994126,-87.704894
17031020801,41.986808,-87.694415
17031040202,41.979855,-87.694095
17031040201,41.97258,-87.694
17031040402,41.972545,-87.678818
17031031501,41.967288,-87.652433
17031081201,41.899153,-87.626211
17031063301,41.93454,-87.643023
17031210601,41.937636,-87.712215
17031030703,41.978875,-87.65787
17031490902,41.70328,-87.615326
17031301801,41.84166,-87.735051
17031700301,41.745622,-87.731712
17031301702,41.838806,-87.719525
17031700401,41.745537,-87.712035
17031837100,41.885674,-87.69872
17031837400,41.875975,-87.693802
17031837800,41.88475,-87.684127
17031837300,41.871619,-87.705553
17031841500,41.861622,-87.707913
17031838700,41.862577,-87.720184
17031150501,41.964476,-87.781964
17031150401,41.964567,-87.772264
17031150502,41.956778,-87.781841
17031110502,41.970286,-87.759852
17031150402,41.956798,-87.772044
17031140302,41.972494,-87.723757
17031140301,41.969203,-87.723165
17031700302,41.738365,-87.731306
17031580501,41.819986,-87.699496
17031580502,41.814562,-87.69931
17031730201,41.726863,-87.657901
17031301802,41.845184,-87.727758
17031440101,41.748627,-87.601452
17031301701,41.84248,-87.719625
17031839100,41.881028,-87.632746
17031833100,41.879078,-87.657047
17031838100,41.87867,-87.671693
17031833300,41.871694,-87.654123
17031838200,41.870415,-87.675126
17031140702,41.963548,-87.713575
17031140602,41.964652,-87.721016
17031140701,41.967038,-87.712653
17031160502,41.955584,-87.713088
17031160602,41.956572,-87.700174
17031151002,41.942492,-87.747156
17031151001,41.942383,-87.754352
17031190402,41.93486,-87.771232
17031431301,41.75353,-87.560187
17031431302,41.758386,-87.562787
17031460302,41.747084,-87.557388
17031460301,41.740026,-87.556367
17031700501,41.746213,-87.690342
17031700502,41.738852,-87.688768
17031841100,41.850993,-87.635108
17031840200,41.844705,-87.649316
17031841300,41.844077,-87.683018
17031840700,41.85293,-87.694266
17031841700,41.85313,-87.704181
17031190602,41.927561,-87.770737
17031190401,41.934728,-87.780952
17031190702,41.926163,-87.761039
17031191302,41.920229,-87.770533
17031190601,41.927415,-87.780461
17031191301,41.920152,-87.780265
17031200402,41.919634,-87.729678
17031200401,41.919828,-87.737542
17031220902,41.922711,-87.721836
17031210501,41.937401,-87.72233
17031160601,41.959399,-87.703295
17031061901,41.943231,-87.643468
17031840800,41.840833,-87.707371
17031081403,41.890626,-87.619223
17031030702,41.980815,-87.654529
17031440102,41.740935,-87.601163
17031440202,41.74096,-87.609763
17031830500,41.830066,-87.723951
17031840100,41.841831,-87.639203
17031840400,41.833827,-87.667526
17031839200,41.842011,-87.622037
17031835500,41.816354,-87.63254
17031030604,41.985679,-87.653868
17031031502,41.963633,-87.652366
17031081402,41.892976,-87.608932
17031080201,41.909498,-87.631006
17031760802,41.957832,-87.847217
17031140601,41.964647,-87.725891
17031070102,41.930583,-87.642201
17031210502,41.933785,-87.722053
17031540102,41.667331,-87.605449
17031700402,41.73823,-87.711824
17031030800,41.979912,-87.664188
17031031100,41.972669,-87.663867
17031031300,41.972923,-87.65028
17031031900,41.963374,-87.670184
17031160501,41.95921,-87.712973
17031040100,41.983331,-87.681994
17031040300,41.976802,-87.701975
17031430700,41.764628,-87.563589
17031611600,41.797633,-87.676898
17031340400,41.841886,-87.632036
17031770700,41.983002,-87.877358
17031283200,41.869579,-87.659201
17031100500,41.978045,-87.819731
17031191000,41.91923,-87.743801
17031560400,41.804007,-87.740615
17031710700,41.74711,-87.656884
17031550100,41.665065,-87.535333
17031710300,41.754049,-87.661106
