school_name,street_address,city,state,primary_category,closure_status,latitude,longitude,zip,community_area,matched_address
Altgeld Elementary School,1340 W 71st St,Chicago,IL,ES,closed,41.765053,-87.657839,60636,WEST ENGLEWOOD,"1340 W 71ST ST, CHICAGO, IL, 60636"
Armstrong Elementary Math and Science,5345 W Congress Pkwy,Chicago,IL,ES,closed,41.873843,-87.758414,60644,AUSTIN,"5345 W CONGRESS PKWY, CHICAGO, IL, 60644"
Attucks Elementary School,5055 S State St,Chicago,IL,ES,closed,41.802801,-87.625832,60609,GRAND BOULEVARD,"5055 S STATE ST, CHICAGO, IL, 60609"
Banneker Elementary School,6656 S Normal Blvd,Chicago,IL,ES,closed,41.773895,-87.636915,60621,ENGLEWOOD,"6656 S NORMAL BLVD, CHICAGO, IL, 60621"
Bethune Elementary School,3030 W Arthington St,Chicago,IL,ES,closed,41.870145,-87.701679,60612,EAST GARFIELD PARK,"3030 W ARTHINGTON ST, CHICAGO, IL, 60612"
Bontemps Elementary School,1241 W 58th St,Chicago,IL,ES,closed,41.788620,-87.656813,60636,WEST ENGLEWOOD,"1241 W 58TH ST, CHICAGO, IL, 60636"
Buckingham Special Education Center,9207 S Phillips Ave,Chicago,IL,ES,closed,41.727947,-87.564468,60617,CALUMET HEIGHTS,"9207 S PHILLIPS AVE, CHICAGO, IL, 60617"
Calhoun North Elementary School,2833 W Adams St,Chicago,IL,ES,closed,41.878276,-87.697420,60612,EAST GARFIELD PARK,"2833 W ADAMS ST, CHICAGO, IL, 60612"
Canter Middle School,4959 S Blackstone Ave,Chicago,IL,MS,closed,41.805008,-87.590477,60615,KENWOOD,"4959 S BLACKSTONE AVE, CHICAGO, IL, 60615"
Delano Elementary School,3937 W Wilcox St,Chicago,IL,ES,closed,41.878834,-87.723858,60624,WEST GARFIELD PARK,"3937 W WILCOX ST, CHICAGO, IL, 60624"
Dumas Technology Academy Elementary School,6650 S Ellis Ave,Chicago,IL,ES,closed,41.774081,-87.600997,60637,WOODLAWN,"6650 S ELLIS AVE, CHICAGO, IL, 60637"
Roque De Duprey Elementary School,2620 W Hirsch St,Chicago,IL,ES,closed,41.906668,-87.693163,60622,WEST TOWN,"2620 W HIRSCH ST, CHICAGO, IL, 60622"
Emmet Elementary School,5500 W Madison St,Chicago,IL,ES,closed,41.880323,-87.763268,60644,AUSTIN,"5500 W MADISON ST, CHICAGO, IL, 60644"
Ericson Elementary Scholastic Academy,3600 W 5th Ave,Chicago,IL,ES,closed,41.875325,-87.717247,60624,EAST GARFIELD PARK,"3600 W 5TH AVE, CHICAGO, IL, 60624"
Fermi Elementary School,1415 E 70th St,Chicago,IL,ES,closed,41.767774,-87.590897,60637,SOUTH SHORE,"1415 E 70TH ST, CHICAGO, IL, 60637"
Garfield Park Prep Academy Elementary School,3250 W Monroe St,Chicago,IL,ES,closed,41.880474,-87.707825,60624,EAST GARFIELD PARK,"3250 W MONROE ST, CHICAGO, IL, 60624 (OpenStreetMap Nominatim; Census had no match)"
Garvey M Elementary School,10309 S Morgan St,Chicago,IL,ES,closed,41.706482,-87.647606,60643,WASHINGTON HEIGHTS,"10309 S MORGAN ST, CHICAGO, IL, 60643"
Goldblatt Elementary School,4257 W Adams St,Chicago,IL,ES,closed,41.877852,-87.731225,60624,WEST GARFIELD PARK,"4257 W ADAMS ST, CHICAGO, IL, 60624"
Goodlow Elementary Magnet School,2040 W 62nd St,Chicago,IL,ES,closed,41.781199,-87.675444,60636,WEST ENGLEWOOD,"2040 W 62ND ST, CHICAGO, IL, 60636"
Henson Elementary School,1329 S Avers Ave,Chicago,IL,ES,closed,41.863847,-87.721369,60623,NORTH LAWNDALE,"1329 S AVERS AVE, CHICAGO, IL, 60623"
Herbert Elementary School,2131 W Monroe St,Chicago,IL,ES,closed,41.879900,-87.679834,60612,NEAR WEST SIDE,"2131 W MONROE ST, CHICAGO, IL, 60612"
Key Elementary School,517 N Parkside Ave,Chicago,IL,ES,closed,41.889613,-87.766395,60644,AUSTIN,"517 N PARKSIDE AVE, CHICAGO, IL, 60644"
King Elementary School,740 S Campbell Ave,Chicago,IL,ES,closed,41.871942,-87.688689,60612,NEAR WEST SIDE,"740 S CAMPBELL AVE, CHICAGO, IL, 60612"
Kohn Elementary School,10414 S State St,Chicago,IL,ES,closed,41.704482,-87.623519,60628,ROSELAND,"10414 S STATE ST, CHICAGO, IL, 60628"
Lafayette Elementary School,2714 W Augusta Blvd,Chicago,IL,ES,closed,41.899345,-87.695489,60622,WEST TOWN,"2714 W AUGUSTA BLVD, CHICAGO, IL, 60622"
Lawrence Elementary School,9928 S Crandon Ave,Chicago,IL,ES,closed,41.714903,-87.567105,60617,SOUTH DEERING,"9928 S CRANDON AVE, CHICAGO, IL, 60617"
Manierre Elementary School,1420 N Hudson Ave,Chicago,IL,ES,closed,41.908139,-87.639790,60610,NEAR NORTH SIDE,"1420 N HUDSON AVE, CHICAGO, IL, 60610"
Mahalia Jackson Elementary School,917 W 88th St,Chicago,IL,ES,closed,41.734150,-87.646788,60620,AUBURN GRESHAM,"917 W 88TH ST, CHICAGO, IL, 60620"
Marconi Elementary Community Academy,230 N Kolmar Ave,Chicago,IL,ES,closed,41.884197,-87.739288,60624,WEST GARFIELD PARK,"230 N KOLMAR AVE, CHICAGO, IL, 60624"
May Elementary Community Academy,512 S Lavergne Ave,Chicago,IL,ES,closed,41.873921,-87.749257,60644,AUSTIN,"512 S LAVERGNE AVE, CHICAGO, IL, 60644"
Mayo Elementary School,249 E 37th St,Chicago,IL,ES,closed,41.827381,-87.619791,60653,DOUGLAS,"249 E 37TH ST, CHICAGO, IL, 60653"
Morgan Elementary School,8407 S Kerfoot Ave,Chicago,IL,ES,closed,41.741358,-87.640251,60620,AUBURN GRESHAM,"8407 S KERFOOT AVE, CHICAGO, IL, 60620"
Near North Elementary School,739 N Ada St,Chicago,IL,ES,closed,41.895142,-87.661302,60642,WEST TOWN,"739 N ADA ST, CHICAGO, IL, 60642"
Overton Elementary School,221 E 49th St,Chicago,IL,ES,closed,41.805632,-87.620092,60615,GRAND BOULEVARD,"221 E 49TH ST, CHICAGO, IL, 60615"
Owens Elementary Community Academy,12450 S State St,Chicago,IL,ES,closed,41.667637,-87.622365,60628,WEST PULLMAN,"12450 S STATE ST, CHICAGO, IL, 60628"
Paderewski Elementary Learning Academy,2221 S Lawndale Ave,Chicago,IL,ES,closed,41.850968,-87.717337,60623,SOUTH LAWNDALE,"2221 S LAWNDALE AVE, CHICAGO, IL, 60623"
Parkman Elementary School,245 W 51st St,Chicago,IL,ES,closed,41.801747,-87.632275,60609,FULLER PARK,"245 W 51ST ST, CHICAGO, IL, 60609"
Peabody Elementary School,1444 W Augusta Blvd,Chicago,IL,ES,closed,41.899821,-87.663942,60642,WEST TOWN,"1444 W AUGUSTA BLVD, CHICAGO, IL, 60642"
Pershing West Middle School,3200 S Calumet Ave,Chicago,IL,MS,closed,41.836524,-87.618305,60616,DOUGLAS,"3200 S CALUMET AVE, CHICAGO, IL, 60616"
Pope Elementary School,1852 S Albany Ave,Chicago,IL,ES,closed,41.855981,-87.702930,60623,NORTH LAWNDALE,"1852 S ALBANY AVE, CHICAGO, IL, 60623"
Ross Elementary School,6059 S Wabash Ave,Chicago,IL,ES,closed,41.784493,-87.623743,60637,WASHINGTON PARK,"6059 S WABASH AVE, CHICAGO, IL, 60637"
Ryerson Elementary School,646 N Lawndale Ave,Chicago,IL,ES,closed,41.892625,-87.718747,60624,HUMBOLDT PARK,"646 N LAWNDALE AVE, CHICAGO, IL, 60624"
Sexton Elementary School,6020 S Langley Ave,Chicago,IL,ES,closed,41.785607,-87.608608,60637,WOODLAWN,"6020 S LANGLEY AVE, CHICAGO, IL, 60637"
Songhai Elementary Learning Institute,11725 S Perry Ave,Chicago,IL,ES,closed,41.681158,-87.625136,60628,WEST PULLMAN,"11725 S PERRY AVE, CHICAGO, IL, 60628"
Stewart Elementary School,4525 N Kenmore Ave,Chicago,IL,ES,closed,41.965033,-87.656110,60640,UPTOWN,"4525 N KENMORE AVE, CHICAGO, IL, 60640"
Stockton Elementary School,4420 N Beacon St,Chicago,IL,ES,closed,41.962069,-87.663816,60640,UPTOWN,"4420 N BEACON ST, CHICAGO, IL, 60640"
Trumbull Elementary School,5200 N Ashland Ave,Chicago,IL,ES,closed,41.976626,-87.670115,60640,EDGEWATER,"5200 N ASHLAND AVE, CHICAGO, IL, 60640 (OpenStreetMap Nominatim; Census mis-snapped to 5200 S)"
Von Humboldt Elementary School,2620 W Hirsch St,Chicago,IL,ES,closed,41.906668,-87.693163,60622,WEST TOWN,"2620 W HIRSCH ST, CHICAGO, IL, 60622"
West Pullman Elementary School,11941 S Parnell Ave,Chicago,IL,ES,closed,41.677125,-87.635790,60628,WEST PULLMAN,"11941 S PARNELL AVE, CHICAGO, IL, 60628"
Williams Middle Prep Academy,2710 S Dearborn St,Chicago,IL,MS,closed,41.844221,-87.628522,60616,DOUGLAS,"2710 S DEARBORN ST, CHICAGO, IL, 60616"
Williams Multiplex Elementary School,2710 S Dearborn St,Chicago,IL,ES,closed,41.844221,-87.628522,60616,DOUGLAS,"2710 S DEARBORN ST, CHICAGO, IL, 60616"
Woods Elementary Math & Science Academy,6206 S Racine Ave,Chicago,IL,ES,closed,41.781295,-87.654623,60636,WEST ENGLEWOOD,"6206 S RACINE AVE, CHICAGO, IL, 60636"
Yale Elementary School,7025 S Princeton Ave,Chicago,IL,ES,closed,41.766369,-87.632163,60621,GREATER GRAND CROSSING,"7025 S PRINCETON AVE, CHICAGO, IL, 60621"
